Style,Standard
Append Mode,1
Fill Mode,1
Capacity,100000
Count,523
Base Time Seconds,1714746315
Base Time Fractional,.662565500
Index,Reading,Unit,Range Digits,Disp Digits,Math,Start Group,Limit1 High,Limit1 Low,Limit2 High,Limit2 Low,Terminal,Questionable,Origin,Value,Unit,Digits,Output,Sense,Source Limit,Overtemp,Date,Time,Fractional Seconds
1,1.303936096519e-05,Volt DC,.01,5.5,F,F,F,F,F,F,Front,F,Main,0.0000000000002,Amp DC,.00000001,T,2W,F,F,05/03/2024,14:25:15,.662565500
2,1.311065716436e-05,Volt DC,.01,5.5,F,F,F,F,F,F,Front,F,Main,0.0000000000002,Amp DC,.00000001,T,2W,F,F,05/03/2024,14:25:15,.745220020
3,1.27304228954e-05,Volt DC,.01,5.5,F,F,F,F,F,F,Front,F,Main,0.0000000000002,Amp DC,.00000001,T,2W,F,F,05/03/2024,14:25:15,.827865420
4,1.309877370659e-05,Volt DC,.01,5.5,F,F,F,F,F,F,Front,F,Main,0.0000000000002,Amp DC,.00000001,T,2W,F,F,05/03/2024,14:25:15,.910501660
5,1.340771268588e-05,Volt DC,.01,5.5,F,F,F,F,F,F,Front,F,Main,0.0000000000002,Amp DC,.00000001,T,2W,F,F,05/03/2024,14:25:15,.993133020
6,1.327700556431e-05,Volt DC,.01,5.5,F,F,F,F,F,F,Front,F,Main,0.0000000000002,Amp DC,.00000001,T,2W,F,F,05/03/2024,14:25:16,.075773940
7,1.313441498496e-05,Volt DC,.01,5.5,F,F,F,F,F,F,Front,F,Main,0.0000000000002,Amp DC,.00000001,T,2W,F,F,05/03/2024,14:25:16,.158418540
8,1.201748273161e-05,Volt DC,.01,5.5,F,F,F,F,F,F,Front,F,Main,0.0000000000002,Amp DC,.00000001,T,2W,F,F,05/03/2024,14:25:16,.241062560
9,1.294430421694e-05,Volt DC,.01,5.5,F,F,F,F,F,F,Front,F,Main,0.0000000000002,Amp DC,.00000001,T,2W,F,F,05/03/2024,14:25:16,.323704660
10,1.297995368077e-05,Volt DC,.01,5.5,F,F,F,F,F,F,Front,F,Main,0.0000000000002,Amp DC,.00000001,T,2W,F,F,05/03/2024,14:25:16,.406350180
11,1.317006535828e-05,Volt DC,.01,5.5,F,F,F,F,F,F,Front,F,Main,0.0000000000002,Amp DC,.00000001,T,2W,F,F,05/03/2024,14:25:16,.488994060
12,1.261159832211e-05,Volt DC,.01,5.5,F,F,F,F,F,F,Front,F,Main,0.0000000000002,Amp DC,.00000001,T,2W,F,F,05/03/2024,14:25:16,.571631360
13,1.24096068248e-05,Volt DC,.01,5.5,F,F,F,F,F,F,Front,F,Main,0.0000000000002,Amp DC,.00000001,T,2W,F,F,05/03/2024,14:25:16,.654271820
14,1.307500861003e-05,Volt DC,.01,5.5,F,F,F,F,F,F,Front,F,Main,0.0000000000003,Amp DC,.00000001,T,2W,F,F,05/03/2024,14:25:16,.736916840
15,1.289677311433e-05,Volt DC,.01,5.5,F,F,F,F,F,F,Front,F,Main,0.0000000000002,Amp DC,.00000001,T,2W,F,F,05/03/2024,14:25:16,.819553140
16,1.23739528135e-05,Volt DC,.01,5.5,F,F,F,F,F,F,Front,F,Main,0.0000000000002,Amp DC,.00000001,T,2W,F,F,05/03/2024,14:25:16,.902199000
17,1.273042653338e-05,Volt DC,.01,5.5,F,F,F,F,F,F,Front,F,Main,0.0000000000002,Amp DC,.00000001,T,2W,F,F,05/03/2024,14:25:16,.984839220
18,1.326512574451e-05,Volt DC,.01,5.5,F,F,F,F,F,F,Front,F,Main,0.0000000000002,Amp DC,.00000001,T,2W,F,F,05/03/2024,14:25:17,.067484700
19,0.03094788081944,Volt DC,.1,5.5,F,F,F,F,F,F,Front,F,Main,0.0000000000000,Amp DC,.00000001,T,2W,F,F,05/03/2024,14:25:17,.619570060
20,0.03088462352753,Volt DC,.1,5.5,F,F,F,F,F,F,Front,F,Main,0.0000000000001,Amp DC,.00000001,T,2W,F,F,05/03/2024,14:25:17,.702244780
21,0.03082953393459,Volt DC,.1,5.5,F,F,F,F,F,F,Front,F,Main,0.0000000000001,Amp DC,.00000001,T,2W,F,F,05/03/2024,14:25:17,.784879560
22,0.03078513592482,Volt DC,.1,5.5,F,F,F,F,F,F,Front,F,Main,0.0000000000001,Amp DC,.00000001,T,2W,F,F,05/03/2024,14:25:17,.867512980
23,0.03076868131757,Volt DC,.1,5.5,F,F,F,F,F,F,Front,F,Main,0.0000000000001,Amp DC,.00000001,T,2W,F,F,05/03/2024,14:25:17,.950152280
24,0.03076340071857,Volt DC,.1,5.5,F,F,F,F,F,F,Front,F,Main,0.0000000000001,Amp DC,.00000001,T,2W,F,F,05/03/2024,14:25:18,.032794500
25,0.03072773478925,Volt DC,.1,5.5,F,F,F,F,F,F,Front,F,Main,0.0000000000001,Amp DC,.00000001,T,2W,F,F,05/03/2024,14:25:18,.115441920
26,0.03071151487529,Volt DC,.1,5.5,F,F,F,F,F,F,Front,F,Main,0.0000000000001,Amp DC,.00000001,T,2W,F,F,05/03/2024,14:25:18,.198100080
27,0.03071301802993,Volt DC,.1,5.5,F,F,F,F,F,F,Front,F,Main,0.0000000000001,Amp DC,.00000001,T,2W,F,F,05/03/2024,14:25:18,.280733100
28,0.03071645461023,Volt DC,.1,5.5,F,F,F,F,F,F,Front,F,Main,0.0000000000001,Amp DC,.00000001,T,2W,F,F,05/03/2024,14:25:18,.363363400
29,0.03070024400949,Volt DC,.1,5.5,F,F,F,F,F,F,Front,F,Main,0.0000000000001,Amp DC,.00000001,T,2W,F,F,05/03/2024,14:25:18,.446003460
30,0.0306928679347,Volt DC,.1,5.5,F,F,F,F,F,F,Front,F,Main,0.0000000000000,Amp DC,.00000001,T,2W,F,F,05/03/2024,14:25:18,.528640980
31,0.03069597482681,Volt DC,.1,5.5,F,F,F,F,F,F,Front,F,Main,0.0000000000001,Amp DC,.00000001,T,2W,F,F,05/03/2024,14:25:18,.611268380
32,0.03071321733296,Volt DC,.1,5.5,F,F,F,F,F,F,Front,F,Main,0.0000000000001,Amp DC,.00000001,T,2W,F,F,05/03/2024,14:25:18,.693905600
33,0.03069942817092,Volt DC,.1,5.5,F,F,F,F,F,F,Front,F,Main,0.0000000000001,Amp DC,.00000001,T,2W,F,F,05/03/2024,14:25:18,.776552720
34,0.03071025572717,Volt DC,.1,5.5,F,F,F,F,F,F,Front,F,Main,0.0000000000001,Amp DC,.00000001,T,2W,F,F,05/03/2024,14:25:18,.859191900
35,0.03069633804262,Volt DC,.1,5.5,F,F,F,F,F,F,Front,F,Main,0.0000000000000,Amp DC,.00000001,T,2W,F,F,05/03/2024,14:25:18,.941812300
36,0.03069045394659,Volt DC,.1,5.5,F,F,F,F,F,F,Front,F,Main,0.0000000000001,Amp DC,.00000001,T,2W,F,F,05/03/2024,14:25:19,.024446020
37,0.03069193288684,Volt DC,.1,5.5,F,F,F,F,F,F,Front,F,Main,0.0000000000001,Amp DC,.00000001,T,2W,F,F,05/03/2024,14:25:19,.107085120
38,0.0306934453547,Volt DC,.1,5.5,F,F,F,F,F,F,Front,F,Main,0.0000000000001,Amp DC,.00000001,T,2W,F,F,05/03/2024,14:25:19,.189716840
39,0.03070656955242,Volt DC,.1,5.5,F,F,F,F,F,F,Front,F,Main,0.0000000000001,Amp DC,.00000001,T,2W,F,F,05/03/2024,14:25:19,.272354020
40,0.03069713898003,Volt DC,.1,5.5,F,F,F,F,F,F,Front,F,Main,0.0000000000001,Amp DC,.00000001,T,2W,F,F,05/03/2024,14:25:19,.354995140
41,0.03069104626775,Volt DC,.1,5.5,F,F,F,F,F,F,Front,F,Main,0.0000000000001,Amp DC,.00000001,T,2W,F,F,05/03/2024,14:25:19,.437624120
42,0.03072107024491,Volt DC,.1,5.5,F,F,F,F,F,F,Front,F,Main,0.0000000000001,Amp DC,.00000001,T,2W,F,F,05/03/2024,14:25:19,.520256240
43,0.03070173226297,Volt DC,.1,5.5,F,F,F,F,F,F,Front,F,Main,0.0000000000001,Amp DC,.00000001,T,2W,F,F,05/03/2024,14:25:19,.602894340
44,0.03069783374667,Volt DC,.1,5.5,F,F,F,F,F,F,Front,F,Main,0.0000000000001,Amp DC,.00000001,T,2W,F,F,05/03/2024,14:25:19,.685553520
45,0.03070531412959,Volt DC,.1,5.5,F,F,F,F,F,F,Front,F,Main,0.0000000000001,Amp DC,.00000001,T,2W,F,F,05/03/2024,14:25:19,.768193280
46,0.03070587851107,Volt DC,.1,5.5,F,F,F,F,F,F,Front,F,Main,0.0000000000001,Amp DC,.00000001,T,2W,F,F,05/03/2024,14:25:19,.850833780
47,0.03069679439068,Volt DC,.1,5.5,F,F,F,F,F,F,Front,F,Main,0.0000000000001,Amp DC,.00000001,T,2W,F,F,05/03/2024,14:25:19,.933478780
48,0.03071485646069,Volt DC,.1,5.5,F,F,F,F,F,F,Front,F,Main,0.0000000000001,Amp DC,.00000001,T,2W,F,F,05/03/2024,14:25:20,.016121720
49,0.0307073649019,Volt DC,.1,5.5,F,F,F,F,F,F,Front,F,Main,0.0000000000001,Amp DC,.00000001,T,2W,F,F,05/03/2024,14:25:20,.098755560
50,0.03071336075664,Volt DC,.1,5.5,F,F,F,F,F,F,Front,F,Main,0.0000000000001,Amp DC,.00000001,T,2W,F,F,05/03/2024,14:25:20,.181391480
51,0.03070714883506,Volt DC,.1,5.5,F,F,F,F,F,F,Front,F,Main,0.0000000000001,Amp DC,.00000001,T,2W,F,F,05/03/2024,14:25:20,.264029160
52,0.03071416355669,Volt DC,.1,5.5,F,F,F,F,F,F,Front,F,Main,0.0000000000001,Amp DC,.00000001,T,2W,F,F,05/03/2024,14:25:20,.346671940
53,0.03070485033095,Volt DC,.1,5.5,F,F,F,F,F,F,Front,F,Main,0.0000000000001,Amp DC,.00000001,T,2W,F,F,05/03/2024,14:25:20,.429310700
54,0.03071681037545,Volt DC,.1,5.5,F,F,F,F,F,F,Front,F,Main,0.0000000000001,Amp DC,.00000001,T,2W,F,F,05/03/2024,14:25:20,.511940620
55,0.03071727417409,Volt DC,.1,5.5,F,F,F,F,F,F,Front,F,Main,0.0000000000001,Amp DC,.00000001,T,2W,F,F,05/03/2024,14:25:20,.594578800
56,0.03071221709251,Volt DC,.1,5.5,F,F,F,F,F,F,Front,F,Main,0.0000000000001,Amp DC,.00000001,T,2W,F,F,05/03/2024,14:25:20,.677207520
57,0.03070587851107,Volt DC,.1,5.5,F,F,F,F,F,F,Front,F,Main,0.0000000000001,Amp DC,.00000001,T,2W,F,F,05/03/2024,14:25:20,.759841800
58,0.03072208724916,Volt DC,.1,5.5,F,F,F,F,F,F,Front,F,Main,0.0000000000001,Amp DC,.00000001,T,2W,F,F,05/03/2024,14:25:20,.842475680
59,0.03071393631399,Volt DC,.1,5.5,F,F,F,F,F,F,Front,F,Main,0.0000000000001,Amp DC,.00000001,T,2W,F,F,05/03/2024,14:25:20,.925117660
60,0.03071163035929,Volt DC,.1,5.5,F,F,F,F,F,F,Front,F,Main,0.0000000000001,Amp DC,.00000001,T,2W,F,F,05/03/2024,14:25:21,.007754440
61,0.030711280182,Volt DC,.1,5.5,F,F,F,F,F,F,Front,F,Main,0.0000000000001,Amp DC,.00000001,T,2W,F,F,05/03/2024,14:25:21,.090385860
62,0.03071841970086,Volt DC,.1,5.5,F,F,F,F,F,F,Front,F,Main,0.0000000000001,Amp DC,.00000001,T,2W,F,F,05/03/2024,14:25:21,.173023020
63,0.03072301857173,Volt DC,.1,5.5,F,F,F,F,F,F,Front,F,Main,0.0000000000001,Amp DC,.00000001,T,2W,F,F,05/03/2024,14:25:21,.255646660
64,0.03071876429021,Volt DC,.1,5.5,F,F,F,F,F,F,Front,F,Main,0.0000000000001,Amp DC,.00000001,T,2W,F,F,05/03/2024,14:25:21,.338276300
65,0.03070553392172,Volt DC,.1,5.5,F,F,F,F,F,F,Front,F,Main,0.0000000000001,Amp DC,.00000001,T,2W,F,F,05/03/2024,14:25:21,.420919500
66,0.03071807138622,Volt DC,.1,5.5,F,F,F,F,F,F,Front,F,Main,0.0000000000001,Amp DC,.00000001,T,2W,F,F,05/03/2024,14:25:21,.503559340
67,0.03071531094611,Volt DC,.1,5.5,F,F,F,F,F,F,Front,F,Main,0.0000000000001,Amp DC,.00000001,T,2W,F,F,05/03/2024,14:25:21,.586192120
68,0.03071865066886,Volt DC,.1,5.5,F,F,F,F,F,F,Front,F,Main,0.0000000000001,Amp DC,.00000001,T,2W,F,F,05/03/2024,14:25:21,.668822940
69,0.03071818687022,Volt DC,.1,5.5,F,F,F,F,F,F,Front,F,Main,0.0000000000001,Amp DC,.00000001,T,2W,F,F,05/03/2024,14:25:21,.751452200
70,0.03071542084217,Volt DC,.1,5.5,F,F,F,F,F,F,Front,F,Main,0.0000000000001,Amp DC,.00000001,T,2W,F,F,05/03/2024,14:25:21,.834094660
71,0.03071195445955,Volt DC,.1,5.5,F,F,F,F,F,F,Front,F,Main,0.0000000000001,Amp DC,.00000001,T,2W,F,F,05/03/2024,14:25:21,.916728900
72,0.03072221204638,Volt DC,.1,5.5,F,F,F,F,F,F,Front,F,Main,0.0000000000001,Amp DC,.00000001,T,2W,F,F,05/03/2024,14:25:21,.999354840
73,0.03071748651564,Volt DC,.1,5.5,F,F,F,F,F,F,Front,F,Main,0.0000000000001,Amp DC,.00000001,T,2W,F,F,05/03/2024,14:25:22,.081988960
74,0.03072059899569,Volt DC,.1,5.5,F,F,F,F,F,F,Front,F,Main,0.0000000000001,Amp DC,.00000001,T,2W,F,F,05/03/2024,14:25:22,.164624620
75,0.03072174824774,Volt DC,.1,5.5,F,F,F,F,F,F,Front,F,Main,0.0000000000001,Amp DC,.00000001,T,2W,F,F,05/03/2024,14:25:22,.247251820
76,0.03071634843946,Volt DC,.1,5.5,F,F,F,F,F,F,Front,F,Main,0.0000000000001,Amp DC,.00000001,T,2W,F,F,05/03/2024,14:25:22,.329885840
77,0.03072141669691,Volt DC,.1,5.5,F,F,F,F,F,F,Front,F,Main,0.0000000000001,Amp DC,.00000001,T,2W,F,F,05/03/2024,14:25:22,.412515020
78,0.0307235866785,Volt DC,.1,5.5,F,F,F,F,F,F,Front,F,Main,0.0000000000001,Amp DC,.00000001,T,2W,F,F,05/03/2024,14:25:22,.495152420
79,0.03071207925677,Volt DC,.1,5.5,F,F,F,F,F,F,Front,F,Main,0.0000000000001,Amp DC,.00000001,T,2W,F,F,05/03/2024,14:25:22,.577777520
80,0.03071772679687,Volt DC,.1,5.5,F,F,F,F,F,F,Front,F,Main,0.0000000000001,Amp DC,.00000001,T,2W,F,F,05/03/2024,14:25:22,.660407560
81,0.03071278333664,Volt DC,.1,5.5,F,F,F,F,F,F,Front,F,Main,0.0000000000001,Amp DC,.00000001,T,2W,F,F,05/03/2024,14:25:22,.743047800
82,0.03070632368326,Volt DC,.1,5.5,F,F,F,F,F,F,Front,F,Main,0.0000000000001,Amp DC,.00000001,T,2W,F,F,05/03/2024,14:25:22,.825687500
83,0.03070530109107,Volt DC,.1,5.5,F,F,F,F,F,F,Front,F,Main,0.0000000000001,Amp DC,.00000001,T,2W,F,F,05/03/2024,14:25:22,.908333500
84,0.03071680665016,Volt DC,.1,5.5,F,F,F,F,F,F,Front,F,Main,0.0000000000001,Amp DC,.00000001,T,2W,F,F,05/03/2024,14:25:22,.990968820
85,0.03072692640126,Volt DC,.1,5.5,F,F,F,F,F,F,Front,F,Main,0.0000000000001,Amp DC,.00000001,T,2W,F,F,05/03/2024,14:25:23,.073616880
86,0.03073727153242,Volt DC,.1,5.5,F,F,F,F,F,F,Front,F,Main,0.0000000000001,Amp DC,.00000001,T,2W,F,F,05/03/2024,14:25:23,.156267240
87,0.03072417527437,Volt DC,.1,5.5,F,F,F,F,F,F,Front,F,Main,0.0000000000001,Amp DC,.00000001,T,2W,F,F,05/03/2024,14:25:23,.238896700
88,0.03072207793593,Volt DC,.1,5.5,F,F,F,F,F,F,Front,F,Main,0.0000000000001,Amp DC,.00000001,T,2W,F,F,05/03/2024,14:25:23,.321531720
89,0.03073359280825,Volt DC,.1,5.5,F,F,F,F,F,F,Front,F,Main,0.0000000000001,Amp DC,.00000001,T,2W,F,F,05/03/2024,14:25:23,.404177960
90,0.03073279187083,Volt DC,.1,5.5,F,F,F,F,F,F,Front,F,Main,0.0000000000001,Amp DC,.00000001,T,2W,F,F,05/03/2024,14:25:23,.486824580
91,0.03073348104954,Volt DC,.1,5.5,F,F,F,F,F,F,Front,F,Main,0.0000000000001,Amp DC,.00000001,T,2W,F,F,05/03/2024,14:25:23,.569463500
92,0.0307248570025,Volt DC,.1,5.5,F,F,F,F,F,F,Front,F,Main,0.0000000000001,Amp DC,.00000001,T,2W,F,F,05/03/2024,14:25:23,.652090160
93,0.03073279559612,Volt DC,.1,5.5,F,F,F,F,F,F,Front,F,Main,0.0000000000001,Amp DC,.00000001,T,2W,F,F,05/03/2024,14:25:23,.734729140
94,0.03072002716362,Volt DC,.1,5.5,F,F,F,F,F,F,Front,F,Main,0.0000000000001,Amp DC,.00000001,T,2W,F,F,05/03/2024,14:25:23,.817363720
95,0.03071875497699,Volt DC,.1,5.5,F,F,F,F,F,F,Front,F,Main,0.0000000000001,Amp DC,.00000001,T,2W,F,F,05/03/2024,14:25:23,.899991620
96,0.03073439560831,Volt DC,.1,5.5,F,F,F,F,F,F,Front,F,Main,0.0000000000001,Amp DC,.00000001,T,2W,F,F,05/03/2024,14:25:23,.982636440
97,0.03071599267423,Volt DC,.1,5.5,F,F,F,F,F,F,Front,F,Main,0.0000000000001,Amp DC,.00000001,T,2W,F,F,05/03/2024,14:25:24,.065278760
98,0.03071863390505,Volt DC,.1,5.5,F,F,F,F,F,F,Front,F,Main,0.0000000000001,Amp DC,.00000001,T,2W,F,F,05/03/2024,14:25:24,.147916980
99,0.03072267025709,Volt DC,.1,5.5,F,F,F,F,F,F,Front,F,Main,0.0000000000001,Amp DC,.00000001,T,2W,F,F,05/03/2024,14:25:24,.230548720
100,0.03073313459754,Volt DC,.1,5.5,F,F,F,F,F,F,Front,F,Main,0.0000000000001,Amp DC,.00000001,T,2W,F,F,05/03/2024,14:25:24,.313194620
101,0.0307395644486,Volt DC,.1,5.5,F,F,F,F,F,F,Front,F,Main,0.0000000000001,Amp DC,.00000001,T,2W,F,F,05/03/2024,14:25:24,.395826960
102,0.03073588944972,Volt DC,.1,5.5,F,F,F,F,F,F,Front,F,Main,0.0000000000001,Amp DC,.00000001,T,2W,F,F,05/03/2024,14:25:24,.478472580
103,0.03072554804385,Volt DC,.1,5.5,F,F,F,F,F,F,Front,F,Main,0.0000000000001,Amp DC,.00000001,T,2W,F,F,05/03/2024,14:25:24,.561101820
104,0.03072094358504,Volt DC,.1,5.5,F,F,F,F,F,F,Front,F,Main,0.0000000000001,Amp DC,.00000001,T,2W,F,F,05/03/2024,14:25:24,.643726280
105,0.03072370402515,Volt DC,.1,5.5,F,F,F,F,F,F,Front,F,Main,0.0000000000001,Amp DC,.00000001,T,2W,F,F,05/03/2024,14:25:24,.726349040
106,0.03073497116566,Volt DC,.1,5.5,F,F,F,F,F,F,Front,F,Main,0.0000000000001,Amp DC,.00000001,T,2W,F,F,05/03/2024,14:25:24,.808995460
107,0.03072542510927,Volt DC,.1,5.5,F,F,F,F,F,F,Front,F,Main,0.0000000000001,Amp DC,.00000001,T,2W,F,F,05/03/2024,14:25:24,.891615180
108,0.03073613345623,Volt DC,.1,5.5,F,F,F,F,F,F,Front,F,Main,0.0000000000001,Amp DC,.00000001,T,2W,F,F,05/03/2024,14:25:24,.974258420
109,0.03073118813336,Volt DC,.1,5.5,F,F,F,F,F,F,Front,F,Main,0.0000000000001,Amp DC,.00000001,T,2W,F,F,05/03/2024,14:25:25,.056899520
110,0.03073014318943,Volt DC,.1,5.5,F,F,F,F,F,F,Front,F,Main,0.0000000000001,Amp DC,.00000001,T,2W,F,F,05/03/2024,14:25:25,.139550320
111,0.03073234111071,Volt DC,.1,5.5,F,F,F,F,F,F,Front,F,Main,0.0000000000001,Amp DC,.00000001,T,2W,F,F,05/03/2024,14:25:25,.222203740
112,0.03073889389634,Volt DC,.1,5.5,F,F,F,F,F,F,Front,F,Main,0.0000000000001,Amp DC,.00000001,T,2W,F,F,05/03/2024,14:25:25,.304841520
113,0.0307381991297,Volt DC,.1,5.5,F,F,F,F,F,F,Front,F,Main,0.0000000000001,Amp DC,.00000001,T,2W,F,F,05/03/2024,14:25:25,.387483060
114,0.03072934225202,Volt DC,.1,5.5,F,F,F,F,F,F,Front,F,Main,0.0000000000001,Amp DC,.00000001,T,2W,F,F,05/03/2024,14:25:25,.470128220
115,0.0307391192764,Volt DC,.1,5.5,F,F,F,F,F,F,Front,F,Main,0.0000000000001,Amp DC,.00000001,T,2W,F,F,05/03/2024,14:25:25,.552761820
116,0.03072899021208,Volt DC,.1,5.5,F,F,F,F,F,F,Front,F,Main,0.0000000000001,Amp DC,.00000001,T,2W,F,F,05/03/2024,14:25:25,.635405960
117,0.03072244115174,Volt DC,.1,5.5,F,F,F,F,F,F,Front,F,Main,0.0000000000001,Amp DC,.00000001,T,2W,F,F,05/03/2024,14:25:25,.718035760
118,0.03072751127183,Volt DC,.1,5.5,F,F,F,F,F,F,Front,F,Main,0.0000000000001,Amp DC,.00000001,T,2W,F,F,05/03/2024,14:25:25,.800691440
119,0.030731074512,Volt DC,.1,5.5,F,F,F,F,F,F,Front,F,Main,0.0000000000001,Amp DC,.00000001,T,2W,F,F,05/03/2024,14:25:25,.883328600
120,0.03073130548,Volt DC,.1,5.5,F,F,F,F,F,F,Front,F,Main,0.0000000000001,Amp DC,.00000001,T,2W,F,F,05/03/2024,14:25:25,.965973320
121,0.03073498234153,Volt DC,.1,5.5,F,F,F,F,F,F,Front,F,Main,0.0000000000001,Amp DC,.00000001,T,2W,F,F,05/03/2024,14:25:26,.048618260
122,0.03073141723871,Volt DC,.1,5.5,F,F,F,F,F,F,Front,F,Main,0.0000000000001,Amp DC,.00000001,T,2W,F,F,05/03/2024,14:25:26,.131275120
123,0.03072899766266,Volt DC,.1,5.5,F,F,F,F,F,F,Front,F,Main,0.0000000000001,Amp DC,.00000001,T,2W,F,F,05/03/2024,14:25:26,.213925600
124,0.03072566911578,Volt DC,.1,5.5,F,F,F,F,F,F,Front,F,Main,0.0000000000001,Amp DC,.00000001,T,2W,F,F,05/03/2024,14:25:26,.296564220
125,0.0307184252888,Volt DC,.1,5.5,F,F,F,F,F,F,Front,F,Main,0.0000000000001,Amp DC,.00000001,T,2W,F,F,05/03/2024,14:25:26,.379195520
126,0.03073095530272,Volt DC,.1,5.5,F,F,F,F,F,F,Front,F,Main,0.0000000000001,Amp DC,.00000001,T,2W,F,F,05/03/2024,14:25:26,.461841420
127,0.03072612732649,Volt DC,.1,5.5,F,F,F,F,F,F,Front,F,Main,0.0000000000001,Amp DC,.00000001,T,2W,F,F,05/03/2024,14:25:26,.544465300
128,0.03074475564063,Volt DC,.1,5.5,F,F,F,F,F,F,Front,F,Main,0.0000000000001,Amp DC,.00000001,T,2W,F,F,05/03/2024,14:25:26,.627113220
129,0.03072636201978,Volt DC,.1,5.5,F,F,F,F,F,F,Front,F,Main,0.0000000000001,Amp DC,.00000001,T,2W,F,F,05/03/2024,14:25:26,.709734940
130,0.03072462044656,Volt DC,.1,5.5,F,F,F,F,F,F,Front,F,Main,0.0000000000001,Amp DC,.00000001,T,2W,F,F,05/03/2024,14:25:26,.792367200
131,0.03072784654796,Volt DC,.1,5.5,F,F,F,F,F,F,Front,F,Main,0.0000000000001,Amp DC,.00000001,T,2W,F,F,05/03/2024,14:25:26,.875017020
132,0.0307241640985,Volt DC,.1,5.5,F,F,F,F,F,F,Front,F,Main,0.0000000000001,Amp DC,.00000001,T,2W,F,F,05/03/2024,14:25:26,.957640260
133,0.03072231449187,Volt DC,.1,5.5,F,F,F,F,F,F,Front,F,Main,0.0000000000001,Amp DC,.00000001,T,2W,F,F,05/03/2024,14:25:27,.040277660
134,0.03072704561055,Volt DC,.1,5.5,F,F,F,F,F,F,Front,F,Main,0.0000000000001,Amp DC,.00000001,T,2W,F,F,05/03/2024,14:25:27,.122932180
135,0.03072187118232,Volt DC,.1,5.5,F,F,F,F,F,F,Front,F,Main,0.0000000000001,Amp DC,.00000001,T,2W,F,F,05/03/2024,14:25:27,.205574840
136,0.0307245105505,Volt DC,.1,5.5,F,F,F,F,F,F,Front,F,Main,0.0000000000001,Amp DC,.00000001,T,2W,F,F,05/03/2024,14:25:27,.288199180
137,0.03072991035879,Volt DC,.1,5.5,F,F,F,F,F,F,Front,F,Main,0.0000000000001,Amp DC,.00000001,T,2W,F,F,05/03/2024,14:25:27,.370840400
138,0.03072254173458,Volt DC,.1,5.5,F,F,F,F,F,F,Front,F,Main,0.0000000000001,Amp DC,.00000001,T,2W,F,F,05/03/2024,14:25:27,.453472620
139,0.0307379681617,Volt DC,.1,5.5,F,F,F,F,F,F,Front,F,Main,0.0000000000001,Amp DC,.00000001,T,2W,F,F,05/03/2024,14:25:27,.536113440
140,0.03073359839618,Volt DC,.1,5.5,F,F,F,F,F,F,Front,F,Main,0.0000000000000,Amp DC,.00000001,T,2W,F,F,05/03/2024,14:25:27,.618752180
141,0.03073302097619,Volt DC,.1,5.5,F,F,F,F,F,F,Front,F,Main,0.0000000000001,Amp DC,.00000001,T,2W,F,F,05/03/2024,14:25:27,.701395460
142,0.03074131533504,Volt DC,.1,5.5,F,F,F,F,F,F,Front,F,Main,0.0000000000001,Amp DC,.00000001,T,2W,F,F,05/03/2024,14:25:27,.784037120
143,0.03073957748711,Volt DC,.1,5.5,F,F,F,F,F,F,Front,F,Main,0.0000000000001,Amp DC,.00000001,T,2W,F,F,05/03/2024,14:25:27,.866679300
144,0.03073690831661,Volt DC,.1,5.5,F,F,F,F,F,F,Front,F,Main,0.0000000000001,Amp DC,.00000001,T,2W,F,F,05/03/2024,14:25:27,.949329120
145,0.03072575293481,Volt DC,.1,5.5,F,F,F,F,F,F,Front,F,Main,0.0000000000001,Amp DC,.00000001,T,2W,F,F,05/03/2024,14:25:28,.031952620
146,0.03072001598775,Volt DC,.1,5.5,F,F,F,F,F,F,Front,F,Main,0.0000000000001,Amp DC,.00000001,T,2W,F,F,05/03/2024,14:25:28,.114590760
147,0.03072104789317,Volt DC,.1,5.5,F,F,F,F,F,F,Front,F,Main,0.0000000000001,Amp DC,.00000001,T,2W,F,F,05/03/2024,14:25:28,.197228780
148,0.03071610815823,Volt DC,.1,5.5,F,F,F,F,F,F,Front,F,Main,0.0000000000001,Amp DC,.00000001,T,2W,F,F,05/03/2024,14:25:28,.279863840
149,0.03072632476687,Volt DC,.1,5.5,F,F,F,F,F,F,Front,F,Main,0.0000000000001,Amp DC,.00000001,T,2W,F,F,05/03/2024,14:25:28,.362482800
150,0.0307142753154,Volt DC,.1,5.5,F,F,F,F,F,F,Front,F,Main,0.0000000000001,Amp DC,.00000001,T,2W,F,F,05/03/2024,14:25:28,.445119280
151,0.03072151355445,Volt DC,.1,5.5,F,F,F,F,F,F,Front,F,Main,0.0000000000001,Amp DC,.00000001,T,2W,F,F,05/03/2024,14:25:28,.527751220
152,0.03071588650346,Volt DC,.1,5.5,F,F,F,F,F,F,Front,F,Main,0.0000000000001,Amp DC,.00000001,T,2W,F,F,05/03/2024,14:25:28,.610382980
153,0.03072519414127,Volt DC,.1,5.5,F,F,F,F,F,F,Front,F,Main,0.0000000000001,Amp DC,.00000001,T,2W,F,F,05/03/2024,14:25:28,.693013360
154,0.03071920201182,Volt DC,.1,5.5,F,F,F,F,F,F,Front,F,Main,0.0000000000001,Amp DC,.00000001,T,2W,F,F,05/03/2024,14:25:28,.775643120
155,0.03072772175074,Volt DC,.1,5.5,F,F,F,F,F,F,Front,F,Main,0.0000000000001,Amp DC,.00000001,T,2W,F,F,05/03/2024,14:25:28,.858291640
156,0.03074117749929,Volt DC,.1,5.5,F,F,F,F,F,F,Front,F,Main,0.0000000000001,Amp DC,.00000001,T,2W,F,F,05/03/2024,14:25:28,.940925900
157,0.03073164261878,Volt DC,.1,5.5,F,F,F,F,F,F,Front,F,Main,0.0000000000001,Amp DC,.00000001,T,2W,F,F,05/03/2024,14:25:29,.023574700
158,0.03073130175471,Volt DC,.1,5.5,F,F,F,F,F,F,Front,F,Main,0.0000000000001,Amp DC,.00000001,T,2W,F,F,05/03/2024,14:25:29,.106223840
159,0.03073117882013,Volt DC,.1,5.5,F,F,F,F,F,F,Front,F,Main,0.0000000000001,Amp DC,.00000001,T,2W,F,F,05/03/2024,14:25:29,.188872700
160,0.03073371015489,Volt DC,.1,5.5,F,F,F,F,F,F,Front,F,Main,0.0000000000001,Amp DC,.00000001,T,2W,F,F,05/03/2024,14:25:29,.271518640
161,0.03073980659246,Volt DC,.1,5.5,F,F,F,F,F,F,Front,F,Main,0.0000000000001,Amp DC,.00000001,T,2W,F,F,05/03/2024,14:25:29,.354153980
162,0.03074475191534,Volt DC,.1,5.5,F,F,F,F,F,F,Front,F,Main,0.0000000000001,Amp DC,.00000001,T,2W,F,F,05/03/2024,14:25:29,.436788440
163,0.03074727393687,Volt DC,.1,5.5,F,F,F,F,F,F,Front,F,Main,0.0000000000001,Amp DC,.00000001,T,2W,F,F,05/03/2024,14:25:29,.519416140
164,0.03073509037495,Volt DC,.1,5.5,F,F,F,F,F,F,Front,F,Main,0.0000000000001,Amp DC,.00000001,T,2W,F,F,05/03/2024,14:25:29,.602063800
165,0.03074452280998,Volt DC,.1,5.5,F,F,F,F,F,F,Front,F,Main,0.0000000000001,Amp DC,.00000001,T,2W,F,F,05/03/2024,14:25:29,.684691240
166,0.03074094094336,Volt DC,.1,5.5,F,F,F,F,F,F,Front,F,Main,0.0000000000001,Amp DC,.00000001,T,2W,F,F,05/03/2024,14:25:29,.767334160
167,0.03072600066662,Volt DC,.1,5.5,F,F,F,F,F,F,Front,F,Main,0.0000000000001,Amp DC,.00000001,T,2W,F,F,05/03/2024,14:25:29,.849952460
168,0.03074199147522,Volt DC,.1,5.5,F,F,F,F,F,F,Front,F,Main,0.0000000000001,Amp DC,.00000001,T,2W,F,F,05/03/2024,14:25:29,.932591380
169,0.03073992021382,Volt DC,.1,5.5,F,F,F,F,F,F,Front,F,Main,0.0000000000001,Amp DC,.00000001,T,2W,F,F,05/03/2024,14:25:30,.015231940
170,0.0307213999331,Volt DC,.1,5.5,F,F,F,F,F,F,Front,F,Main,0.0000000000001,Amp DC,.00000001,T,2W,F,F,05/03/2024,14:25:30,.097865160
171,0.03072473406792,Volt DC,.1,5.5,F,F,F,F,F,F,Front,F,Main,0.0000000000001,Amp DC,.00000001,T,2W,F,F,05/03/2024,14:25:30,.180496880
172,0.0307188462466,Volt DC,.1,5.5,F,F,F,F,F,F,Front,F,Main,0.0000000000001,Amp DC,.00000001,T,2W,F,F,05/03/2024,14:25:30,.263130820
173,0.03073298186064,Volt DC,.1,5.5,F,F,F,F,F,F,Front,F,Main,0.0000000000001,Amp DC,.00000001,T,2W,F,F,05/03/2024,14:25:30,.345771320
174,0.03071310929954,Volt DC,.1,5.5,F,F,F,F,F,F,Front,F,Main,0.0000000000001,Amp DC,.00000001,T,2W,F,F,05/03/2024,14:25:30,.428415440
175,0.03072852268815,Volt DC,.1,5.5,F,F,F,F,F,F,Front,F,Main,0.0000000000001,Amp DC,.00000001,T,2W,F,F,05/03/2024,14:25:30,.511062820
176,0.03072414919734,Volt DC,.1,5.5,F,F,F,F,F,F,Front,F,Main,0.0000000000001,Amp DC,.00000001,T,2W,F,F,05/03/2024,14:25:30,.593685900
177,0.03072749823332,Volt DC,.1,5.5,F,F,F,F,F,F,Front,F,Main,0.0000000000001,Amp DC,.00000001,T,2W,F,F,05/03/2024,14:25:30,.676339840
178,0.03073508292437,Volt DC,.1,5.5,F,F,F,F,F,F,Front,F,Main,0.0000000000001,Amp DC,.00000001,T,2W,F,F,05/03/2024,14:25:30,.758983700
179,0.03073186986148,Volt DC,.1,5.5,F,F,F,F,F,F,Front,F,Main,0.0000000000001,Amp DC,.00000001,T,2W,F,F,05/03/2024,14:25:30,.841627120
180,0.03074740432203,Volt DC,.1,5.5,F,F,F,F,F,F,Front,F,Main,0.0000000000001,Amp DC,.00000001,T,2W,F,F,05/03/2024,14:25:30,.924258220
181,0.03073394671082,Volt DC,.1,5.5,F,F,F,F,F,F,Front,F,Main,0.0000000000001,Amp DC,.00000001,T,2W,F,F,05/03/2024,14:25:31,.006896700
182,0.03073094971478,Volt DC,.1,5.5,F,F,F,F,F,F,Front,F,Main,0.0000000000001,Amp DC,.00000001,T,2W,F,F,05/03/2024,14:25:31,.089548060
183,0.03073783032596,Volt DC,.1,5.5,F,F,F,F,F,F,Front,F,Main,0.0000000000001,Amp DC,.00000001,T,2W,F,F,05/03/2024,14:25:31,.172188220
184,0.03074588999152,Volt DC,.1,5.5,F,F,F,F,F,F,Front,F,Main,0.0000000000001,Amp DC,.00000001,T,2W,F,F,05/03/2024,14:25:31,.254818960
185,0.03074498102069,Volt DC,.1,5.5,F,F,F,F,F,F,Front,F,Main,0.0000000000001,Amp DC,.00000001,T,2W,F,F,05/03/2024,14:25:31,.337454540
186,0.03073728084564,Volt DC,.1,5.5,F,F,F,F,F,F,Front,F,Main,0.0000000000001,Amp DC,.00000001,T,2W,F,F,05/03/2024,14:25:31,.420098360
187,0.03074370697141,Volt DC,.1,5.5,F,F,F,F,F,F,Front,F,Main,0.0000000000001,Amp DC,.00000001,T,2W,F,F,05/03/2024,14:25:31,.502727180
188,0.03073301352561,Volt DC,.1,5.5,F,F,F,F,F,F,Front,F,Main,0.0000000000001,Amp DC,.00000001,T,2W,F,F,05/03/2024,14:25:31,.585373680
189,0.0307425558567,Volt DC,.1,5.5,F,F,F,F,F,F,Front,F,Main,0.0000000000001,Amp DC,.00000001,T,2W,F,F,05/03/2024,14:25:31,.668010200
190,0.03073669597507,Volt DC,.1,5.5,F,F,F,F,F,F,Front,F,Main,0.0000000000001,Amp DC,.00000001,T,2W,F,F,05/03/2024,14:25:31,.750654900
191,0.03076071850955,Volt DC,.1,5.5,F,F,F,F,F,F,Front,F,Main,0.0000000000001,Amp DC,.00000001,T,2W,F,F,05/03/2024,14:25:31,.833297760
192,0.03074681758881,Volt DC,.1,5.5,F,F,F,F,F,F,Front,F,Main,0.0000000000001,Amp DC,.00000001,T,2W,F,F,05/03/2024,14:25:31,.915929140
193,0.0307565908879,Volt DC,.1,5.5,F,F,F,F,F,F,Front,F,Main,0.0000000000001,Amp DC,.00000001,T,2W,F,F,05/03/2024,14:25:31,.998581040
194,0.03075808100402,Volt DC,.1,5.5,F,F,F,F,F,F,Front,F,Main,0.0000000000001,Amp DC,.00000001,T,2W,F,F,05/03/2024,14:25:32,.081231440
195,0.03075199387968,Volt DC,.1,5.5,F,F,F,F,F,F,Front,F,Main,0.0000000000001,Amp DC,.00000001,T,2W,F,F,05/03/2024,14:25:32,.163866300
196,0.03072920814157,Volt DC,.1,5.5,F,F,F,F,F,F,Front,F,Main,0.0000000000001,Amp DC,.00000001,T,2W,F,F,05/03/2024,14:25:32,.246509420
197,0.03073486126959,Volt DC,.1,5.5,F,F,F,F,F,F,Front,F,Main,0.0000000000001,Amp DC,.00000001,T,2W,F,F,05/03/2024,14:25:32,.329165140
198,0.03075142577291,Volt DC,.1,5.5,F,F,F,F,F,F,Front,F,Main,0.0000000000001,Amp DC,.00000001,T,2W,F,F,05/03/2024,14:25:32,.411796700
199,0.03073692508042,Volt DC,.1,5.5,F,F,F,F,F,F,Front,F,Main,0.0000000000001,Amp DC,.00000001,T,2W,F,F,05/03/2024,14:25:32,.494439880
200,0.03073485940695,Volt DC,.1,5.5,F,F,F,F,F,F,Front,F,Main,0.0000000000001,Amp DC,.00000001,T,2W,F,F,05/03/2024,14:25:32,.577080840
201,0.03072760812938,Volt DC,.1,5.5,F,F,F,F,F,F,Front,F,Main,0.0000000000001,Amp DC,.00000001,T,2W,F,F,05/03/2024,14:25:32,.659723340
202,0.03072427213192,Volt DC,.1,5.5,F,F,F,F,F,F,Front,F,Main,0.0000000000001,Amp DC,.00000001,T,2W,F,F,05/03/2024,14:25:32,.742358800
203,0.03073840774596,Volt DC,.1,5.5,F,F,F,F,F,F,Front,F,Main,0.0000000000001,Amp DC,.00000001,T,2W,F,F,05/03/2024,14:25:32,.824994200
204,0.03073460608721,Volt DC,.1,5.5,F,F,F,F,F,F,Front,F,Main,0.0000000000001,Amp DC,.00000001,T,2W,F,F,05/03/2024,14:25:32,.907631560
205,0.0307290982455,Volt DC,.1,5.5,F,F,F,F,F,F,Front,F,Main,0.0000000000001,Amp DC,.00000001,T,2W,F,F,05/03/2024,14:25:32,.990278040
206,0.03073358349502,Volt DC,.1,5.5,F,F,F,F,F,F,Front,F,Main,0.0000000000001,Amp DC,.00000001,T,2W,F,F,05/03/2024,14:25:33,.072924060
207,0.030742097646,Volt DC,.1,5.5,F,F,F,F,F,F,Front,F,Main,0.0000000000001,Amp DC,.00000001,T,2W,F,F,05/03/2024,14:25:33,.155562720
208,0.03073427826166,Volt DC,.1,5.5,F,F,F,F,F,F,Front,F,Main,0.0000000000001,Amp DC,.00000001,T,2W,F,F,05/03/2024,14:25:33,.238205960
209,0.03074094839394,Volt DC,.1,5.5,F,F,F,F,F,F,Front,F,Main,0.0000000000001,Amp DC,.00000001,T,2W,F,F,05/03/2024,14:25:33,.320839740
210,0.030737163499,Volt DC,.1,5.5,F,F,F,F,F,F,Front,F,Main,0.0000000000000,Amp DC,.00000001,T,2W,F,F,05/03/2024,14:25:33,.403484740
211,0.03074440918863,Volt DC,.1,5.5,F,F,F,F,F,F,Front,F,Main,0.0000000000001,Amp DC,.00000001,T,2W,F,F,05/03/2024,14:25:33,.486123420
212,0.03073877096176,Volt DC,.1,5.5,F,F,F,F,F,F,Front,F,Main,0.0000000000001,Amp DC,.00000001,T,2W,F,F,05/03/2024,14:25:33,.568755920
213,0.03073900192976,Volt DC,.1,5.5,F,F,F,F,F,F,Front,F,Main,0.0000000000000,Amp DC,.00000001,T,2W,F,F,05/03/2024,14:25:33,.651394800
214,0.03072852268815,Volt DC,.1,5.5,F,F,F,F,F,F,Front,F,Main,0.0000000000001,Amp DC,.00000001,T,2W,F,F,05/03/2024,14:25:33,.734042940
215,0.03072966635227,Volt DC,.1,5.5,F,F,F,F,F,F,Front,F,Main,0.0000000000001,Amp DC,.00000001,T,2W,F,F,05/03/2024,14:25:33,.816694220
216,0.03073404915631,Volt DC,.1,5.5,F,F,F,F,F,F,Front,F,Main,0.0000000000001,Amp DC,.00000001,T,2W,F,F,05/03/2024,14:25:33,.899330520
217,0.03074278868735,Volt DC,.1,5.5,F,F,F,F,F,F,Front,F,Main,0.0000000000001,Amp DC,.00000001,T,2W,F,F,05/03/2024,14:25:33,.981976520
218,0.03072427026927,Volt DC,.1,5.5,F,F,F,F,F,F,Front,F,Main,0.0000000000001,Amp DC,.00000001,T,2W,F,F,05/03/2024,14:25:34,.064607740
219,0.0307432282716,Volt DC,.1,5.5,F,F,F,F,F,F,Front,F,Main,0.0000000000001,Amp DC,.00000001,T,2W,F,F,05/03/2024,14:25:34,.147251440
220,0.0307435952127,Volt DC,.1,5.5,F,F,F,F,F,F,Front,F,Main,0.0000000000001,Amp DC,.00000001,T,2W,F,F,05/03/2024,14:25:34,.229887080
221,0.03072368167341,Volt DC,.1,5.5,F,F,F,F,F,F,Front,F,Main,0.0000000000001,Amp DC,.00000001,T,2W,F,F,05/03/2024,14:25:34,.312517640
222,0.03074439801276,Volt DC,.1,5.5,F,F,F,F,F,F,Front,F,Main,0.0000000000001,Amp DC,.00000001,T,2W,F,F,05/03/2024,14:25:34,.395154920
223,0.03073577024043,Volt DC,.1,5.5,F,F,F,F,F,F,Front,F,Main,0.0000000000001,Amp DC,.00000001,T,2W,F,F,05/03/2024,14:25:34,.477790000
224,0.03072736598551,Volt DC,.1,5.5,F,F,F,F,F,F,Front,F,Main,0.0000000000001,Amp DC,.00000001,T,2W,F,F,05/03/2024,14:25:34,.560436880
225,0.03074128367007,Volt DC,.1,5.5,F,F,F,F,F,F,Front,F,Main,0.0000000000001,Amp DC,.00000001,T,2W,F,F,05/03/2024,14:25:34,.643076820
226,0.03072910010815,Volt DC,.1,5.5,F,F,F,F,F,F,Front,F,Main,0.0000000000001,Amp DC,.00000001,T,2W,F,F,05/03/2024,14:25:34,.725728000
227,0.03072887100279,Volt DC,.1,5.5,F,F,F,F,F,F,Front,F,Main,0.0000000000001,Amp DC,.00000001,T,2W,F,F,05/03/2024,14:25:34,.808369280
228,0.03071265295148,Volt DC,.1,5.5,F,F,F,F,F,F,Front,F,Main,0.0000000000001,Amp DC,.00000001,T,2W,F,F,05/03/2024,14:25:34,.890996740
229,0.03072633035481,Volt DC,.1,5.5,F,F,F,F,F,F,Front,F,Main,0.0000000000001,Amp DC,.00000001,T,2W,F,F,05/03/2024,14:25:34,.973629840
230,0.03072196990252,Volt DC,.1,5.5,F,F,F,F,F,F,Front,F,Main,0.0000000000000,Amp DC,.00000001,T,2W,F,F,05/03/2024,14:25:35,.056264980
231,0.03072622790933,Volt DC,.1,5.5,F,F,F,F,F,F,Front,F,Main,0.0000000000001,Amp DC,.00000001,T,2W,F,F,05/03/2024,14:25:35,.138901380
232,0.03073048591614,Volt DC,.1,5.5,F,F,F,F,F,F,Front,F,Main,0.0000000000001,Amp DC,.00000001,T,2W,F,F,05/03/2024,14:25:35,.221547380
233,0.03073221258819,Volt DC,.1,5.5,F,F,F,F,F,F,Front,F,Main,0.0000000000001,Amp DC,.00000001,T,2W,F,F,05/03/2024,14:25:35,.304198420
234,0.03072853572667,Volt DC,.1,5.5,F,F,F,F,F,F,Front,F,Main,0.0000000000001,Amp DC,.00000001,T,2W,F,F,05/03/2024,14:25:35,.386841520
235,0.03074865415692,Volt DC,.1,5.5,F,F,F,F,F,F,Front,F,Main,0.0000000000001,Amp DC,.00000001,T,2W,F,F,05/03/2024,14:25:35,.469476480
236,0.03072725050151,Volt DC,.1,5.5,F,F,F,F,F,F,Front,F,Main,0.0000000000001,Amp DC,.00000001,T,2W,F,F,05/03/2024,14:25:35,.552118620
237,0.03073266893625,Volt DC,.1,5.5,F,F,F,F,F,F,Front,F,Main,0.0000000000001,Amp DC,.00000001,T,2W,F,F,05/03/2024,14:25:35,.634771600
238,0.03072265163064,Volt DC,.1,5.5,F,F,F,F,F,F,Front,F,Main,0.0000000000001,Amp DC,.00000001,T,2W,F,F,05/03/2024,14:25:35,.717403200
239,0.03074601106346,Volt DC,.1,5.5,F,F,F,F,F,F,Front,F,Main,0.0000000000001,Amp DC,.00000001,T,2W,F,F,05/03/2024,14:25:35,.800030740
240,0.03074256144464,Volt DC,.1,5.5,F,F,F,F,F,F,Front,F,Main,0.0000000000001,Amp DC,.00000001,T,2W,F,F,05/03/2024,14:25:35,.882667740
241,0.0307276006788,Volt DC,.1,5.5,F,F,F,F,F,F,Front,F,Main,0.0000000000001,Amp DC,.00000001,T,2W,F,F,05/03/2024,14:25:35,.965314400
242,0.03073312528431,Volt DC,.1,5.5,F,F,F,F,F,F,Front,F,Main,0.0000000000001,Amp DC,.00000001,T,2W,F,F,05/03/2024,14:25:36,.047959660
243,0.03072909452021,Volt DC,.1,5.5,F,F,F,F,F,F,Front,F,Main,0.0000000000001,Amp DC,.00000001,T,2W,F,F,05/03/2024,14:25:36,.130607660
244,0.03073336184025,Volt DC,.1,5.5,F,F,F,F,F,F,Front,F,Main,0.0000000000001,Amp DC,.00000001,T,2W,F,F,05/03/2024,14:25:36,.213260120
245,0.03073370084167,Volt DC,.1,5.5,F,F,F,F,F,F,Front,F,Main,0.0000000000001,Amp DC,.00000001,T,2W,F,F,05/03/2024,14:25:36,.295900280
246,0.03073727153242,Volt DC,.1,5.5,F,F,F,F,F,F,Front,F,Main,0.0000000000001,Amp DC,.00000001,T,2W,F,F,05/03/2024,14:25:36,.378550380
247,0.03073782846332,Volt DC,.1,5.5,F,F,F,F,F,F,Front,F,Main,0.0000000000001,Amp DC,.00000001,T,2W,F,F,05/03/2024,14:25:36,.461188300
248,0.03074174374342,Volt DC,.1,5.5,F,F,F,F,F,F,Front,F,Main,0.0000000000001,Amp DC,.00000001,T,2W,F,F,05/03/2024,14:25:36,.543826320
249,0.03074047714472,Volt DC,.1,5.5,F,F,F,F,F,F,Front,F,Main,0.0000000000001,Amp DC,.00000001,T,2W,F,F,05/03/2024,14:25:36,.626472880
250,0.03074290603399,Volt DC,.1,5.5,F,F,F,F,F,F,Front,F,Main,0.0000000000001,Amp DC,.00000001,T,2W,F,F,05/03/2024,14:25:36,.709114260
251,0.03074209578335,Volt DC,.1,5.5,F,F,F,F,F,F,Front,F,Main,0.0000000000001,Amp DC,.00000001,T,2W,F,F,05/03/2024,14:25:36,.791756960
252,0.03074231557548,Volt DC,.1,5.5,F,F,F,F,F,F,Front,F,Main,0.0000000000001,Amp DC,.00000001,T,2W,F,F,05/03/2024,14:25:36,.874388860
253,0.03073024190962,Volt DC,.1,5.5,F,F,F,F,F,F,Front,F,Main,0.0000000000001,Amp DC,.00000001,T,2W,F,F,05/03/2024,14:25:36,.957034720
254,0.03074450604618,Volt DC,.1,5.5,F,F,F,F,F,F,Front,F,Main,0.0000000000001,Amp DC,.00000001,T,2W,F,F,05/03/2024,14:25:37,.039677380
255,0.03074394725263,Volt DC,.1,5.5,F,F,F,F,F,F,Front,F,Main,0.0000000000001,Amp DC,.00000001,T,2W,F,F,05/03/2024,14:25:37,.122313880
256,0.03074266389012,Volt DC,.1,5.5,F,F,F,F,F,F,Front,F,Main,0.0000000000001,Amp DC,.00000001,T,2W,F,F,05/03/2024,14:25:37,.204952280
257,0.03073483519256,Volt DC,.1,5.5,F,F,F,F,F,F,Front,F,Main,0.0000000000001,Amp DC,.00000001,T,2W,F,F,05/03/2024,14:25:37,.287597400
258,0.030747493729,Volt DC,.1,5.5,F,F,F,F,F,F,Front,F,Main,0.0000000000000,Amp DC,.00000001,T,2W,F,F,05/03/2024,14:25:37,.370232980
259,0.03073379956186,Volt DC,.1,5.5,F,F,F,F,F,F,Front,F,Main,0.0000000000001,Amp DC,.00000001,T,2W,F,F,05/03/2024,14:25:37,.452875460
260,0.0307314991951,Volt DC,.1,5.5,F,F,F,F,F,F,Front,F,Main,0.0000000000001,Amp DC,.00000001,T,2W,F,F,05/03/2024,14:25:37,.535525940
261,0.03072725050151,Volt DC,.1,5.5,F,F,F,F,F,F,Front,F,Main,0.0000000000001,Amp DC,.00000001,T,2W,F,F,05/03/2024,14:25:37,.618170020
262,0.03072944283485,Volt DC,.1,5.5,F,F,F,F,F,F,Front,F,Main,0.0000000000001,Amp DC,.00000001,T,2W,F,F,05/03/2024,14:25:37,.700836460
263,0.03074024990201,Volt DC,.1,5.5,F,F,F,F,F,F,Front,F,Main,0.0000000000001,Amp DC,.00000001,T,2W,F,F,05/03/2024,14:25:37,.783478600
264,0.0307289827615,Volt DC,.1,5.5,F,F,F,F,F,F,Front,F,Main,0.0000000000001,Amp DC,.00000001,T,2W,F,F,05/03/2024,14:25:37,.866123180
265,0.03073726966977,Volt DC,.1,5.5,F,F,F,F,F,F,Front,F,Main,0.0000000000001,Amp DC,.00000001,T,2W,F,F,05/03/2024,14:25:37,.948762200
266,0.03074025735259,Volt DC,.1,5.5,F,F,F,F,F,F,Front,F,Main,0.0000000000001,Amp DC,.00000001,T,2W,F,F,05/03/2024,14:25:38,.031411980
267,0.03074496798217,Volt DC,.1,5.5,F,F,F,F,F,F,Front,F,Main,0.0000000000001,Amp DC,.00000001,T,2W,F,F,05/03/2024,14:25:38,.114041820
268,0.03074346482754,Volt DC,.1,5.5,F,F,F,F,F,F,Front,F,Main,0.0000000000001,Amp DC,.00000001,T,2W,F,F,05/03/2024,14:25:38,.196682360
269,0.03074794448912,Volt DC,.1,5.5,F,F,F,F,F,F,Front,F,Main,0.0000000000001,Amp DC,.00000001,T,2W,F,F,05/03/2024,14:25:38,.279316600
270,0.03075532056391,Volt DC,.1,5.5,F,F,F,F,F,F,Front,F,Main,0.0000000000001,Amp DC,.00000001,T,2W,F,F,05/03/2024,14:25:38,.361947740
271,0.03074692189693,Volt DC,.1,5.5,F,F,F,F,F,F,Front,F,Main,0.0000000000001,Amp DC,.00000001,T,2W,F,F,05/03/2024,14:25:38,.444595940
272,0.03074865229428,Volt DC,.1,5.5,F,F,F,F,F,F,Front,F,Main,0.0000000000001,Amp DC,.00000001,T,2W,F,F,05/03/2024,14:25:38,.527225560
273,0.03075095266104,Volt DC,.1,5.5,F,F,F,F,F,F,Front,F,Main,0.0000000000001,Amp DC,.00000001,T,2W,F,F,05/03/2024,14:25:38,.609861020
274,0.03073438443244,Volt DC,.1,5.5,F,F,F,F,F,F,Front,F,Main,0.0000000000001,Amp DC,.00000001,T,2W,F,F,05/03/2024,14:25:38,.692512580
275,0.03074139356613,Volt DC,.1,5.5,F,F,F,F,F,F,Front,F,Main,0.0000000000001,Amp DC,.00000001,T,2W,F,F,05/03/2024,14:25:38,.775141520
276,0.03074980340898,Volt DC,.1,5.5,F,F,F,F,F,F,Front,F,Main,0.0000000000001,Amp DC,.00000001,T,2W,F,F,05/03/2024,14:25:38,.857770720
277,0.03074335120618,Volt DC,.1,5.5,F,F,F,F,F,F,Front,F,Main,0.0000000000001,Amp DC,.00000001,T,2W,F,F,05/03/2024,14:25:38,.940409040
278,0.03075174242258,Volt DC,.1,5.5,F,F,F,F,F,F,Front,F,Main,0.0000000000001,Amp DC,.00000001,T,2W,F,F,05/03/2024,14:25:39,.023044640
279,0.03074714913964,Volt DC,.1,5.5,F,F,F,F,F,F,Front,F,Main,0.0000000000001,Amp DC,.00000001,T,2W,F,F,05/03/2024,14:25:39,.105679280
280,0.0307496599853,Volt DC,.1,5.5,F,F,F,F,F,F,Front,F,Main,0.0000000000001,Amp DC,.00000001,T,2W,F,F,05/03/2024,14:25:39,.188318420
281,0.03075509145856,Volt DC,.1,5.5,F,F,F,F,F,F,Front,F,Main,0.0000000000001,Amp DC,.00000001,T,2W,F,F,05/03/2024,14:25:39,.270944900
282,0.03075140528381,Volt DC,.1,5.5,F,F,F,F,F,F,Front,F,Main,0.0000000000001,Amp DC,.00000001,T,2W,F,F,05/03/2024,14:25:39,.353586120
283,0.03075129725039,Volt DC,.1,5.5,F,F,F,F,F,F,Front,F,Main,0.0000000000001,Amp DC,.00000001,T,2W,F,F,05/03/2024,14:25:39,.436210120
284,0.03076048567891,Volt DC,.1,5.5,F,F,F,F,F,F,Front,F,Main,0.0000000000001,Amp DC,.00000001,T,2W,F,F,05/03/2024,14:25:39,.518857540
285,0.03074519708753,Volt DC,.1,5.5,F,F,F,F,F,F,Front,F,Main,0.0000000000001,Amp DC,.00000001,T,2W,F,F,05/03/2024,14:25:39,.601498580
286,0.03073403984308,Volt DC,.1,5.5,F,F,F,F,F,F,Front,F,Main,0.0000000000001,Amp DC,.00000001,T,2W,F,F,05/03/2024,14:25:39,.684141100
287,0.03073506988585,Volt DC,.1,5.5,F,F,F,F,F,F,Front,F,Main,0.0000000000001,Amp DC,.00000001,T,2W,F,F,05/03/2024,14:25:39,.766778280
288,0.03073277696967,Volt DC,.1,5.5,F,F,F,F,F,F,Front,F,Main,0.0000000000001,Amp DC,.00000001,T,2W,F,F,05/03/2024,14:25:39,.849434720
289,0.03073668666184,Volt DC,.1,5.5,F,F,F,F,F,F,Front,F,Main,0.0000000000001,Amp DC,.00000001,T,2W,F,F,05/03/2024,14:25:39,.932073640
290,0.03073484450579,Volt DC,.1,5.5,F,F,F,F,F,F,Front,F,Main,0.0000000000001,Amp DC,.00000001,T,2W,F,F,05/03/2024,14:25:40,.014720760
291,0.03074957616627,Volt DC,.1,5.5,F,F,F,F,F,F,Front,F,Main,0.0000000000001,Amp DC,.00000001,T,2W,F,F,05/03/2024,14:25:40,.097351300
292,0.03073932230473,Volt DC,.1,5.5,F,F,F,F,F,F,Front,F,Main,0.0000000000001,Amp DC,.00000001,T,2W,F,F,05/03/2024,14:25:40,.179989340
293,0.03075807541609,Volt DC,.1,5.5,F,F,F,F,F,F,Front,F,Main,0.0000000000001,Amp DC,.00000001,T,2W,F,F,05/03/2024,14:25:40,.262644200
294,0.0307328812778,Volt DC,.1,5.5,F,F,F,F,F,F,Front,F,Main,0.0000000000001,Amp DC,.00000001,T,2W,F,F,05/03/2024,14:25:40,.345290360
295,0.03074806556106,Volt DC,.1,5.5,F,F,F,F,F,F,Front,F,Main,0.0000000000001,Amp DC,.00000001,T,2W,F,F,05/03/2024,14:25:40,.427923840
296,0.03075496852398,Volt DC,.1,5.5,F,F,F,F,F,F,Front,F,Main,0.0000000000001,Amp DC,.00000001,T,2W,F,F,05/03/2024,14:25:40,.510554180
297,0.03073702938855,Volt DC,.1,5.5,F,F,F,F,F,F,Front,F,Main,0.0000000000001,Amp DC,.00000001,T,2W,F,F,05/03/2024,14:25:40,.593191700
298,0.03073874115944,Volt DC,.1,5.5,F,F,F,F,F,F,Front,F,Main,0.0000000000001,Amp DC,.00000001,T,2W,F,F,05/03/2024,14:25:40,.675833320
299,0.03074220754206,Volt DC,.1,5.5,F,F,F,F,F,F,Front,F,Main,0.0000000000001,Amp DC,.00000001,T,2W,F,F,05/03/2024,14:25:40,.758462180
300,0.03073357231915,Volt DC,.1,5.5,F,F,F,F,F,F,Front,F,Main,0.0000000000001,Amp DC,.00000001,T,2W,F,F,05/03/2024,14:25:40,.841099620
301,0.03075451217592,Volt DC,.1,5.5,F,F,F,F,F,F,Front,F,Main,0.0000000000001,Amp DC,.00000001,T,2W,F,F,05/03/2024,14:25:40,.923726780
302,0.03074278868735,Volt DC,.1,5.5,F,F,F,F,F,F,Front,F,Main,0.0000000000000,Amp DC,.00000001,T,2W,F,F,05/03/2024,14:25:41,.006366420
303,0.030741520226,Volt DC,.1,5.5,F,F,F,F,F,F,Front,F,Main,0.0000000000001,Amp DC,.00000001,T,2W,F,F,05/03/2024,14:25:41,.089001200
304,0.03073898516595,Volt DC,.1,5.5,F,F,F,F,F,F,Front,F,Main,0.0000000000001,Amp DC,.00000001,T,2W,F,F,05/03/2024,14:25:41,.171646360
305,0.03073610179126,Volt DC,.1,5.5,F,F,F,F,F,F,Front,F,Main,0.0000000000001,Amp DC,.00000001,T,2W,F,F,05/03/2024,14:25:41,.254287200
306,0.03073922544718,Volt DC,.1,5.5,F,F,F,F,F,F,Front,F,Main,0.0000000000001,Amp DC,.00000001,T,2W,F,F,05/03/2024,14:25:41,.336937960
307,0.03074047900736,Volt DC,.1,5.5,F,F,F,F,F,F,Front,F,Main,0.0000000000001,Amp DC,.00000001,T,2W,F,F,05/03/2024,14:25:41,.419584160
308,0.03075565956533,Volt DC,.1,5.5,F,F,F,F,F,F,Front,F,Main,0.0000000000001,Amp DC,.00000001,T,2W,F,F,05/03/2024,14:25:41,.502203000
309,0.03073690831661,Volt DC,.1,5.5,F,F,F,F,F,F,Front,F,Main,0.0000000000001,Amp DC,.00000001,T,2W,F,F,05/03/2024,14:25:41,.584845280
310,0.03074358031154,Volt DC,.1,5.5,F,F,F,F,F,F,Front,F,Main,0.0000000000001,Amp DC,.00000001,T,2W,F,F,05/03/2024,14:25:41,.667484240
311,0.03075382113457,Volt DC,.1,5.5,F,F,F,F,F,F,Front,F,Main,0.0000000000001,Amp DC,.00000001,T,2W,F,F,05/03/2024,14:25:41,.750106380
312,0.03073921427131,Volt DC,.1,5.5,F,F,F,F,F,F,Front,F,Main,0.0000000000001,Amp DC,.00000001,T,2W,F,F,05/03/2024,14:25:41,.832741060
313,0.03074380755424,Volt DC,.1,5.5,F,F,F,F,F,F,Front,F,Main,0.0000000000001,Amp DC,.00000001,T,2W,F,F,05/03/2024,14:25:41,.915379880
314,0.03074358403683,Volt DC,.1,5.5,F,F,F,F,F,F,Front,F,Main,0.0000000000001,Amp DC,.00000001,T,2W,F,F,05/03/2024,14:25:41,.998016160
315,0.03074369765818,Volt DC,.1,5.5,F,F,F,F,F,F,Front,F,Main,0.0000000000001,Amp DC,.00000001,T,2W,F,F,05/03/2024,14:25:42,.080660260
316,0.03073369711637,Volt DC,.1,5.5,F,F,F,F,F,F,Front,F,Main,0.0000000000001,Amp DC,.00000001,T,2W,F,F,05/03/2024,14:25:42,.163303700
317,0.03073553554714,Volt DC,.1,5.5,F,F,F,F,F,F,Front,F,Main,0.0000000000001,Amp DC,.00000001,T,2W,F,F,05/03/2024,14:25:42,.245948240
318,0.03074334189296,Volt DC,.1,5.5,F,F,F,F,F,F,Front,F,Main,0.0000000000001,Amp DC,.00000001,T,2W,F,F,05/03/2024,14:25:42,.328600160
319,0.03074807114899,Volt DC,.1,5.5,F,F,F,F,F,F,Front,F,Main,0.0000000000001,Amp DC,.00000001,T,2W,F,F,05/03/2024,14:25:42,.411230940
320,0.03074658289552,Volt DC,.1,5.5,F,F,F,F,F,F,Front,F,Main,0.0000000000001,Amp DC,.00000001,T,2W,F,F,05/03/2024,14:25:42,.493864860
321,0.03073576837778,Volt DC,.1,5.5,F,F,F,F,F,F,Front,F,Main,0.0000000000001,Amp DC,.00000001,T,2W,F,F,05/03/2024,14:25:42,.576498960
322,0.03074324689806,Volt DC,.1,5.5,F,F,F,F,F,F,Front,F,Main,0.0000000000001,Amp DC,.00000001,T,2W,F,F,05/03/2024,14:25:42,.659130160
323,0.03074485063553,Volt DC,.1,5.5,F,F,F,F,F,F,Front,F,Main,0.0000000000001,Amp DC,.00000001,T,2W,F,F,05/03/2024,14:25:42,.741763280
324,0.03076014667749,Volt DC,.1,5.5,F,F,F,F,F,F,Front,F,Main,0.0000000000001,Amp DC,.00000001,T,2W,F,F,05/03/2024,14:25:42,.824414900
325,0.03074013628066,Volt DC,.1,5.5,F,F,F,F,F,F,Front,F,Main,0.0000000000001,Amp DC,.00000001,T,2W,F,F,05/03/2024,14:25:42,.907047140
326,0.03074438683689,Volt DC,.1,5.5,F,F,F,F,F,F,Front,F,Main,0.0000000000001,Amp DC,.00000001,T,2W,F,F,05/03/2024,14:25:42,.989687560
327,0.03075738810003,Volt DC,.1,5.5,F,F,F,F,F,F,Front,F,Main,0.0000000000001,Amp DC,.00000001,T,2W,F,F,05/03/2024,14:25:43,.072336180
328,0.03074404969811,Volt DC,.1,5.5,F,F,F,F,F,F,Front,F,Main,0.0000000000001,Amp DC,.00000001,T,2W,F,F,05/03/2024,14:25:43,.154965140
329,0.03074473328888,Volt DC,.1,5.5,F,F,F,F,F,F,Front,F,Main,0.0000000000001,Amp DC,.00000001,T,2W,F,F,05/03/2024,14:25:43,.237608820
330,0.03074230253696,Volt DC,.1,5.5,F,F,F,F,F,F,Front,F,Main,0.0000000000001,Amp DC,.00000001,T,2W,F,F,05/03/2024,14:25:43,.320251140
331,0.03075852803886,Volt DC,.1,5.5,F,F,F,F,F,F,Front,F,Main,0.0000000000001,Amp DC,.00000001,T,2W,F,F,05/03/2024,14:25:43,.402937740
332,0.03074715659022,Volt DC,.1,5.5,F,F,F,F,F,F,Front,F,Main,0.0000000000001,Amp DC,.00000001,T,2W,F,F,05/03/2024,14:25:43,.485565920
333,0.03075532056391,Volt DC,.1,5.5,F,F,F,F,F,F,Front,F,Main,0.0000000000001,Amp DC,.00000001,T,2W,F,F,05/03/2024,14:25:43,.568192980
334,0.0307525601238,Volt DC,.1,5.5,F,F,F,F,F,F,Front,F,Main,0.0000000000001,Amp DC,.00000001,T,2W,F,F,05/03/2024,14:25:43,.650837880
335,0.03074104897678,Volt DC,.1,5.5,F,F,F,F,F,F,Front,F,Main,0.0000000000000,Amp DC,.00000001,T,2W,F,F,05/03/2024,14:25:43,.733480540
336,0.03075749799609,Volt DC,.1,5.5,F,F,F,F,F,F,Front,F,Main,0.0000000000001,Amp DC,.00000001,T,2W,F,F,05/03/2024,14:25:43,.816125300
337,0.03074955753982,Volt DC,.1,5.5,F,F,F,F,F,F,Front,F,Main,0.0000000000001,Amp DC,.00000001,T,2W,F,F,05/03/2024,14:25:43,.898750820
338,0.03075462020934,Volt DC,.1,5.5,F,F,F,F,F,F,Front,F,Main,0.0000000000001,Amp DC,.00000001,T,2W,F,F,05/03/2024,14:25:43,.981390120
339,0.03075439855456,Volt DC,.1,5.5,F,F,F,F,F,F,Front,F,Main,0.0000000000001,Amp DC,.00000001,T,2W,F,F,05/03/2024,14:25:44,.064014440
340,0.03075233101845,Volt DC,.1,5.5,F,F,F,F,F,F,Front,F,Main,0.0000000000001,Amp DC,.00000001,T,2W,F,F,05/03/2024,14:25:44,.146651140
341,0.03074393980205,Volt DC,.1,5.5,F,F,F,F,F,F,Front,F,Main,0.0000000000001,Amp DC,.00000001,T,2W,F,F,05/03/2024,14:25:44,.229286720
342,0.03075426444411,Volt DC,.1,5.5,F,F,F,F,F,F,Front,F,Main,0.0000000000000,Amp DC,.00000001,T,2W,F,F,05/03/2024,14:25:44,.311922100
343,0.03075473196805,Volt DC,.1,5.5,F,F,F,F,F,F,Front,F,Main,0.0000000000001,Amp DC,.00000001,T,2W,F,F,05/03/2024,14:25:44,.394543820
344,0.03073920868337,Volt DC,.1,5.5,F,F,F,F,F,F,Front,F,Main,0.0000000000000,Amp DC,.00000001,T,2W,F,F,05/03/2024,14:25:44,.477175880
345,0.03075175359845,Volt DC,.1,5.5,F,F,F,F,F,F,Front,F,Main,0.0000000000000,Amp DC,.00000001,T,2W,F,F,05/03/2024,14:25:44,.559797700
346,0.03073116205633,Volt DC,.1,5.5,F,F,F,F,F,F,Front,F,Main,0.0000000000001,Amp DC,.00000001,T,2W,F,F,05/03/2024,14:25:44,.642447620
347,0.03074266761541,Volt DC,.1,5.5,F,F,F,F,F,F,Front,F,Main,0.0000000000000,Amp DC,.00000001,T,2W,F,F,05/03/2024,14:25:44,.725079660
348,0.0307350717485,Volt DC,.1,5.5,F,F,F,F,F,F,Front,F,Main,0.0000000000001,Amp DC,.00000001,T,2W,F,F,05/03/2024,14:25:44,.807726780
349,0.03075140528381,Volt DC,.1,5.5,F,F,F,F,F,F,Front,F,Main,0.0000000000000,Amp DC,.00000001,T,2W,F,F,05/03/2024,14:25:44,.890358880
350,0.03075278550386,Volt DC,.1,5.5,F,F,F,F,F,F,Front,F,Main,0.0000000000001,Amp DC,.00000001,T,2W,F,F,05/03/2024,14:25:44,.972989500
351,0.03075014054775,Volt DC,.1,5.5,F,F,F,F,F,F,Front,F,Main,0.0000000000001,Amp DC,.00000001,T,2W,F,F,05/03/2024,14:25:45,.055627520
352,0.03074692003429,Volt DC,.1,5.5,F,F,F,F,F,F,Front,F,Main,0.0000000000001,Amp DC,.00000001,T,2W,F,F,05/03/2024,14:25:45,.138255600
353,0.03075014054775,Volt DC,.1,5.5,F,F,F,F,F,F,Front,F,Main,0.0000000000000,Amp DC,.00000001,T,2W,F,F,05/03/2024,14:25:45,.220889200
354,0.0307455342263,Volt DC,.1,5.5,F,F,F,F,F,F,Front,F,Main,0.0000000000001,Amp DC,.00000001,T,2W,F,F,05/03/2024,14:25:45,.303540020
355,0.03075312823057,Volt DC,.1,5.5,F,F,F,F,F,F,Front,F,Main,0.0000000000001,Amp DC,.00000001,T,2W,F,F,05/03/2024,14:25:45,.386165420
356,0.03075117617846,Volt DC,.1,5.5,F,F,F,F,F,F,Front,F,Main,0.0000000000001,Amp DC,.00000001,T,2W,F,F,05/03/2024,14:25:45,.468796180
357,0.03074508346617,Volt DC,.1,5.5,F,F,F,F,F,F,Front,F,Main,0.0000000000001,Amp DC,.00000001,T,2W,F,F,05/03/2024,14:25:45,.551431940
358,0.03075128607452,Volt DC,.1,5.5,F,F,F,F,F,F,Front,F,Main,0.0000000000001,Amp DC,.00000001,T,2W,F,F,05/03/2024,14:25:45,.634063260
359,0.03075623326004,Volt DC,.1,5.5,F,F,F,F,F,F,Front,F,Main,0.0000000000001,Amp DC,.00000001,T,2W,F,F,05/03/2024,14:25:45,.716711880
360,0.03074392676353,Volt DC,.1,5.5,F,F,F,F,F,F,Front,F,Main,0.0000000000000,Amp DC,.00000001,T,2W,F,F,05/03/2024,14:25:45,.799352240
361,0.03074496425688,Volt DC,.1,5.5,F,F,F,F,F,F,Front,F,Main,0.0000000000001,Amp DC,.00000001,T,2W,F,F,05/03/2024,14:25:45,.881983300
362,0.03075209073722,Volt DC,.1,5.5,F,F,F,F,F,F,Front,F,Main,0.0000000000000,Amp DC,.00000001,T,2W,F,F,05/03/2024,14:25:45,.964614920
363,0.03074047155678,Volt DC,.1,5.5,F,F,F,F,F,F,Front,F,Main,0.0000000000001,Amp DC,.00000001,T,2W,F,F,05/03/2024,14:25:46,.047255520
364,0.03074288740754,Volt DC,.1,5.5,F,F,F,F,F,F,Front,F,Main,0.0000000000001,Amp DC,.00000001,T,2W,F,F,05/03/2024,14:25:46,.129900440
365,0.03074012137949,Volt DC,.1,5.5,F,F,F,F,F,F,Front,F,Main,0.0000000000001,Amp DC,.00000001,T,2W,F,F,05/03/2024,14:25:46,.212550080
366,0.03077015839517,Volt DC,.1,5.5,F,F,F,F,F,F,Front,F,Main,0.0000000000001,Amp DC,.00000001,T,2W,F,F,05/03/2024,14:25:46,.295192400
367,0.03076463937759,Volt DC,.1,5.5,F,F,F,F,F,F,Front,F,Main,0.0000000000001,Amp DC,.00000001,T,2W,F,F,05/03/2024,14:25:46,.377832700
368,0.03077164664865,Volt DC,.1,5.5,F,F,F,F,F,F,Front,F,Main,0.0000000000001,Amp DC,.00000001,T,2W,F,F,05/03/2024,14:25:46,.460464460
369,0.03077198937535,Volt DC,.1,5.5,F,F,F,F,F,F,Front,F,Main,0.0000000000001,Amp DC,.00000001,T,2W,F,F,05/03/2024,14:25:46,.543103820
370,0.03075784258544,Volt DC,.1,5.5,F,F,F,F,F,F,Front,F,Main,0.0000000000001,Amp DC,.00000001,T,2W,F,F,05/03/2024,14:25:46,.625764220
371,0.03076497092843,Volt DC,.1,5.5,F,F,F,F,F,F,Front,F,Main,0.0000000000001,Amp DC,.00000001,T,2W,F,F,05/03/2024,14:25:46,.708408680
372,0.03076900169253,Volt DC,.1,5.5,F,F,F,F,F,F,Front,F,Main,0.0000000000001,Amp DC,.00000001,T,2W,F,F,05/03/2024,14:25:46,.791041100
373,0.03076796978712,Volt DC,.1,5.5,F,F,F,F,F,F,Front,F,Main,0.0000000000001,Amp DC,.00000001,T,2W,F,F,05/03/2024,14:25:46,.873682600
374,0.03075312264264,Volt DC,.1,5.5,F,F,F,F,F,F,Front,F,Main,0.0000000000000,Amp DC,.00000001,T,2W,F,F,05/03/2024,14:25:46,.956312120
375,0.03073334507644,Volt DC,.1,5.5,F,F,F,F,F,F,Front,F,Main,0.0000000000001,Amp DC,.00000001,T,2W,F,F,05/03/2024,14:25:47,.038964660
376,0.03072886914015,Volt DC,.1,5.5,F,F,F,F,F,F,Front,F,Main,0.0000000000001,Amp DC,.00000001,T,2W,F,F,05/03/2024,14:25:47,.121607080
377,0.03073702193797,Volt DC,.1,5.5,F,F,F,F,F,F,Front,F,Main,0.0000000000001,Amp DC,.00000001,T,2W,F,F,05/03/2024,14:25:47,.204256340
378,0.03074437938631,Volt DC,.1,5.5,F,F,F,F,F,F,Front,F,Main,0.0000000000001,Amp DC,.00000001,T,2W,F,F,05/03/2024,14:25:47,.286894060
379,0.03072747960687,Volt DC,.1,5.5,F,F,F,F,F,F,Front,F,Main,0.0000000000001,Amp DC,.00000001,T,2W,F,F,05/03/2024,14:25:47,.369535520
380,0.03072253055871,Volt DC,.1,5.5,F,F,F,F,F,F,Front,F,Main,0.0000000000001,Amp DC,.00000001,T,2W,F,F,05/03/2024,14:25:47,.452162080
381,0.03073035180569,Volt DC,.1,5.5,F,F,F,F,F,F,Front,F,Main,0.0000000000001,Amp DC,.00000001,T,2W,F,F,05/03/2024,14:25:47,.534812640
382,0.03072780929506,Volt DC,.1,5.5,F,F,F,F,F,F,Front,F,Main,0.0000000000001,Amp DC,.00000001,T,2W,F,F,05/03/2024,14:25:47,.617467640
383,0.0307338014245,Volt DC,.1,5.5,F,F,F,F,F,F,Front,F,Main,0.0000000000001,Amp DC,.00000001,T,2W,F,F,05/03/2024,14:25:47,.700105600
384,0.03072239644825,Volt DC,.1,5.5,F,F,F,F,F,F,Front,F,Main,0.0000000000001,Amp DC,.00000001,T,2W,F,F,05/03/2024,14:25:47,.782740500
385,0.0307088252157,Volt DC,.1,5.5,F,F,F,F,F,F,Front,F,Main,0.0000000000001,Amp DC,.00000001,T,2W,F,F,05/03/2024,14:25:47,.865380800
386,0.03071367181838,Volt DC,.1,5.5,F,F,F,F,F,F,Front,F,Main,0.0000000000001,Amp DC,.00000001,T,2W,F,F,05/03/2024,14:25:47,.948021020
387,0.03071884438396,Volt DC,.1,5.5,F,F,F,F,F,F,Front,F,Main,0.0000000000001,Amp DC,.00000001,T,2W,F,F,05/03/2024,14:25:48,.030658740
388,0.03072345070541,Volt DC,.1,5.5,F,F,F,F,F,F,Front,F,Main,0.0000000000001,Amp DC,.00000001,T,2W,F,F,05/03/2024,14:25:48,.113283380
389,0.03071517124772,Volt DC,.1,5.5,F,F,F,F,F,F,Front,F,Main,0.0000000000001,Amp DC,.00000001,T,2W,F,F,05/03/2024,14:25:48,.195927780
390,0.03072148375213,Volt DC,.1,5.5,F,F,F,F,F,F,Front,F,Main,0.0000000000001,Amp DC,.00000001,T,2W,F,F,05/03/2024,14:25:48,.278566800
391,0.03071770071983,Volt DC,.1,5.5,F,F,F,F,F,F,Front,F,Main,0.0000000000001,Amp DC,.00000001,T,2W,F,F,05/03/2024,14:25:48,.361208340
392,0.03069768846035,Volt DC,.1,5.5,F,F,F,F,F,F,Front,F,Main,0.0000000000001,Amp DC,.00000001,T,2W,F,F,05/03/2024,14:25:48,.443853140
393,0.03071654587984,Volt DC,.1,5.5,F,F,F,F,F,F,Front,F,Main,0.0000000000001,Amp DC,.00000001,T,2W,F,F,05/03/2024,14:25:48,.526491420
394,0.03071666508913,Volt DC,.1,5.5,F,F,F,F,F,F,Front,F,Main,0.0000000000001,Amp DC,.00000001,T,2W,F,F,05/03/2024,14:25:48,.609128460
395,0.03072449378669,Volt DC,.1,5.5,F,F,F,F,F,F,Front,F,Main,0.0000000000001,Amp DC,.00000001,T,2W,F,F,05/03/2024,14:25:48,.691768260
396,0.03071285970509,Volt DC,.1,5.5,F,F,F,F,F,F,Front,F,Main,0.0000000000001,Amp DC,.00000001,T,2W,F,F,05/03/2024,14:25:48,.774406820
397,0.03071906976402,Volt DC,.1,5.5,F,F,F,F,F,F,Front,F,Main,0.0000000000001,Amp DC,.00000001,T,2W,F,F,05/03/2024,14:25:48,.857037480
398,0.03071735054255,Volt DC,.1,5.5,F,F,F,F,F,F,Front,F,Main,0.0000000000001,Amp DC,.00000001,T,2W,F,F,05/03/2024,14:25:48,.939672660
399,0.0307240113616,Volt DC,.1,5.5,F,F,F,F,F,F,Front,F,Main,0.0000000000001,Amp DC,.00000001,T,2W,F,F,05/03/2024,14:25:49,.022305520
400,0.03071920201182,Volt DC,.1,5.5,F,F,F,F,F,F,Front,F,Main,0.0000000000001,Amp DC,.00000001,T,2W,F,F,05/03/2024,14:25:49,.104939580
401,0.03071402199566,Volt DC,.1,5.5,F,F,F,F,F,F,Front,F,Main,0.0000000000001,Amp DC,.00000001,T,2W,F,F,05/03/2024,14:25:49,.187575300
402,0.03071172349155,Volt DC,.1,5.5,F,F,F,F,F,F,Front,F,Main,0.0000000000001,Amp DC,.00000001,T,2W,F,F,05/03/2024,14:25:49,.270223160
403,0.03072368167341,Volt DC,.1,5.5,F,F,F,F,F,F,Front,F,Main,0.0000000000001,Amp DC,.00000001,T,2W,F,F,05/03/2024,14:25:49,.352849900
404,0.03071309998631,Volt DC,.1,5.5,F,F,F,F,F,F,Front,F,Main,0.0000000000001,Amp DC,.00000001,T,2W,F,F,05/03/2024,14:25:49,.435491180
405,0.03070930205286,Volt DC,.1,5.5,F,F,F,F,F,F,Front,F,Main,0.0000000000001,Amp DC,.00000001,T,2W,F,F,05/03/2024,14:25:49,.518129260
406,0.03070125356317,Volt DC,.1,5.5,F,F,F,F,F,F,Front,F,Main,0.0000000000001,Amp DC,.00000001,T,2W,F,F,05/03/2024,14:25:49,.600784820
407,0.0307125095278,Volt DC,.1,5.5,F,F,F,F,F,F,Front,F,Main,0.0000000000001,Amp DC,.00000001,T,2W,F,F,05/03/2024,14:25:49,.683427400
408,0.0307191926986,Volt DC,.1,5.5,F,F,F,F,F,F,Front,F,Main,0.0000000000001,Amp DC,.00000001,T,2W,F,F,05/03/2024,14:25:49,.766058620
409,0.03071124106646,Volt DC,.1,5.5,F,F,F,F,F,F,Front,F,Main,0.0000000000001,Amp DC,.00000001,T,2W,F,F,05/03/2024,14:25:49,.848691960
410,0.03071781806648,Volt DC,.1,5.5,F,F,F,F,F,F,Front,F,Main,0.0000000000001,Amp DC,.00000001,T,2W,F,F,05/03/2024,14:25:49,.931328320
411,0.03072080388665,Volt DC,.1,5.5,F,F,F,F,F,F,Front,F,Main,0.0000000000001,Amp DC,.00000001,T,2W,F,F,05/03/2024,14:25:50,.013964760
412,0.03072679415345,Volt DC,.1,5.5,F,F,F,F,F,F,Front,F,Main,0.0000000000001,Amp DC,.00000001,T,2W,F,F,05/03/2024,14:25:50,.096586960
413,0.030721956864,Volt DC,.1,5.5,F,F,F,F,F,F,Front,F,Main,0.0000000000001,Amp DC,.00000001,T,2W,F,F,05/03/2024,14:25:50,.179217860
414,0.03073403611779,Volt DC,.1,5.5,F,F,F,F,F,F,Front,F,Main,0.0000000000001,Amp DC,.00000001,T,2W,F,F,05/03/2024,14:25:50,.261872360
415,0.03071540407836,Volt DC,.1,5.5,F,F,F,F,F,F,Front,F,Main,0.0000000000001,Amp DC,.00000001,T,2W,F,F,05/03/2024,14:25:50,.344512940
416,0.03070942498744,Volt DC,.1,5.5,F,F,F,F,F,F,Front,F,Main,0.0000000000001,Amp DC,.00000001,T,2W,F,F,05/03/2024,14:25:50,.427150280
417,0.03072506003082,Volt DC,.1,5.5,F,F,F,F,F,F,Front,F,Main,0.0000000000001,Amp DC,.00000001,T,2W,F,F,05/03/2024,14:25:50,.509780920
418,0.03072241693735,Volt DC,.1,5.5,F,F,F,F,F,F,Front,F,Main,0.0000000000001,Amp DC,.00000001,T,2W,F,F,05/03/2024,14:25:50,.592417240
419,0.03071355447173,Volt DC,.1,5.5,F,F,F,F,F,F,Front,F,Main,0.0000000000001,Amp DC,.00000001,T,2W,F,F,05/03/2024,14:25:50,.675051160
420,0.03071540407836,Volt DC,.1,5.5,F,F,F,F,F,F,Front,F,Main,0.0000000000001,Amp DC,.00000001,T,2W,F,F,05/03/2024,14:25:50,.757685240
421,0.03071597404778,Volt DC,.1,5.5,F,F,F,F,F,F,Front,F,Main,0.0000000000001,Amp DC,.00000001,T,2W,F,F,05/03/2024,14:25:50,.840316640
422,0.03072183765471,Volt DC,.1,5.5,F,F,F,F,F,F,Front,F,Main,0.0000000000001,Amp DC,.00000001,T,2W,F,F,05/03/2024,14:25:50,.922952580
423,0.03071838244796,Volt DC,.1,5.5,F,F,F,F,F,F,Front,F,Main,0.0000000000001,Amp DC,.00000001,T,2W,F,F,05/03/2024,14:25:51,.005582440
424,0.03070746734738,Volt DC,.1,5.5,F,F,F,F,F,F,Front,F,Main,0.0000000000001,Amp DC,.00000001,T,2W,F,F,05/03/2024,14:25:51,.088224280
425,0.03070263937116,Volt DC,.1,5.5,F,F,F,F,F,F,Front,F,Main,0.0000000000001,Amp DC,.00000001,T,2W,F,F,05/03/2024,14:25:51,.170887200
426,0.03071412444115,Volt DC,.1,5.5,F,F,F,F,F,F,Front,F,Main,0.0000000000001,Amp DC,.00000001,T,2W,F,F,05/03/2024,14:25:51,.253530040
427,0.03072390705347,Volt DC,.1,5.5,F,F,F,F,F,F,Front,F,Main,0.0000000000001,Amp DC,.00000001,T,2W,F,F,05/03/2024,14:25:51,.336159440
428,0.0307118371129,Volt DC,.1,5.5,F,F,F,F,F,F,Front,F,Main,0.0000000000001,Amp DC,.00000001,T,2W,F,F,05/03/2024,14:25:51,.418805140
429,0.03073012083769,Volt DC,.1,5.5,F,F,F,F,F,F,Front,F,Main,0.0000000000001,Amp DC,.00000001,T,2W,F,F,05/03/2024,14:25:51,.501451340
430,0.03070182725787,Volt DC,.1,5.5,F,F,F,F,F,F,Front,F,Main,0.0000000000001,Amp DC,.00000001,T,2W,F,F,05/03/2024,14:25:51,.584094060
431,0.03070089966059,Volt DC,.1,5.5,F,F,F,F,F,F,Front,F,Main,0.0000000000001,Amp DC,.00000001,T,2W,F,F,05/03/2024,14:25:51,.666734640
432,0.03070792928338,Volt DC,.1,5.5,F,F,F,F,F,F,Front,F,Main,0.0000000000001,Amp DC,.00000001,T,2W,F,F,05/03/2024,14:25:51,.749368000
433,0.03070251829922,Volt DC,.1,5.5,F,F,F,F,F,F,Front,F,Main,0.0000000000001,Amp DC,.00000001,T,2W,F,F,05/03/2024,14:25:51,.832015000
434,0.0306990724057,Volt DC,.1,5.5,F,F,F,F,F,F,Front,F,Main,0.0000000000001,Amp DC,.00000001,T,2W,F,F,05/03/2024,14:25:51,.914664060
435,0.030696766451,Volt DC,.1,5.5,F,F,F,F,F,F,Front,F,Main,0.0000000000001,Amp DC,.00000001,T,2W,F,F,05/03/2024,14:25:51,.997288560
436,0.03069182485342,Volt DC,.1,5.5,F,F,F,F,F,F,Front,F,Main,0.0000000000001,Amp DC,.00000001,T,2W,F,F,05/03/2024,14:25:52,.079922360
437,0.03069606795907,Volt DC,.1,5.5,F,F,F,F,F,F,Front,F,Main,0.0000000000001,Amp DC,.00000001,T,2W,F,F,05/03/2024,14:25:52,.162548000
438,0.03070885129273,Volt DC,.1,5.5,F,F,F,F,F,F,Front,F,Main,0.0000000000001,Amp DC,.00000001,T,2W,F,F,05/03/2024,14:25:52,.245192020
439,0.0307007972151,Volt DC,.1,5.5,F,F,F,F,F,F,Front,F,Main,0.0000000000001,Amp DC,.00000001,T,2W,F,F,05/03/2024,14:25:52,.327844980
440,0.03070630319417,Volt DC,.1,5.5,F,F,F,F,F,F,Front,F,Main,0.0000000000001,Amp DC,.00000001,T,2W,F,F,05/03/2024,14:25:52,.410486980
441,0.03071816638112,Volt DC,.1,5.5,F,F,F,F,F,F,Front,F,Main,0.0000000000001,Amp DC,.00000001,T,2W,F,F,05/03/2024,14:25:52,.493114220
442,0.03071851655841,Volt DC,.1,5.5,F,F,F,F,F,F,Front,F,Main,0.0000000000001,Amp DC,.00000001,T,2W,F,F,05/03/2024,14:25:52,.575742940
443,0.03071471489966,Volt DC,.1,5.5,F,F,F,F,F,F,Front,F,Main,0.0000000000001,Amp DC,.00000001,T,2W,F,F,05/03/2024,14:25:52,.658371380
444,0.03072183765471,Volt DC,.1,5.5,F,F,F,F,F,F,Front,F,Main,0.0000000000001,Amp DC,.00000001,T,2W,F,F,05/03/2024,14:25:52,.741011620
445,0.0307191926986,Volt DC,.1,5.5,F,F,F,F,F,F,Front,F,Main,0.0000000000001,Amp DC,.00000001,T,2W,F,F,05/03/2024,14:25:52,.823644740
446,0.03072574548423,Volt DC,.1,5.5,F,F,F,F,F,F,Front,F,Main,0.0000000000001,Amp DC,.00000001,T,2W,F,F,05/03/2024,14:25:52,.906265780
447,0.03072046115994,Volt DC,.1,5.5,F,F,F,F,F,F,Front,F,Main,0.0000000000001,Amp DC,.00000001,T,2W,F,F,05/03/2024,14:25:52,.988910160
448,0.03071206621826,Volt DC,.1,5.5,F,F,F,F,F,F,Front,F,Main,0.0000000000001,Amp DC,.00000001,T,2W,F,F,05/03/2024,14:25:53,.071549200
449,0.03070378676057,Volt DC,.1,5.5,F,F,F,F,F,F,Front,F,Main,0.0000000000001,Amp DC,.00000001,T,2W,F,F,05/03/2024,14:25:53,.154199680
450,0.03070470504463,Volt DC,.1,5.5,F,F,F,F,F,F,Front,F,Main,0.0000000000001,Amp DC,.00000001,T,2W,F,F,05/03/2024,14:25:53,.236853040
451,0.0307091716677,Volt DC,.1,5.5,F,F,F,F,F,F,Front,F,Main,0.0000000000001,Amp DC,.00000001,T,2W,F,F,05/03/2024,14:25:53,.319502600
452,0.03071123920381,Volt DC,.1,5.5,F,F,F,F,F,F,Front,F,Main,0.0000000000001,Amp DC,.00000001,T,2W,F,F,05/03/2024,14:25:53,.402140200
453,0.0307030826807,Volt DC,.1,5.5,F,F,F,F,F,F,Front,F,Main,0.0000000000001,Amp DC,.00000001,T,2W,F,F,05/03/2024,14:25:53,.484780600
454,0.03072332218289,Volt DC,.1,5.5,F,F,F,F,F,F,Front,F,Main,0.0000000000001,Amp DC,.00000001,T,2W,F,F,05/03/2024,14:25:53,.567423280
455,0.03070377372205,Volt DC,.1,5.5,F,F,F,F,F,F,Front,F,Main,0.0000000000001,Amp DC,.00000001,T,2W,F,F,05/03/2024,14:25:53,.650069440
456,0.03071252442896,Volt DC,.1,5.5,F,F,F,F,F,F,Front,F,Main,0.0000000000001,Amp DC,.00000001,T,2W,F,F,05/03/2024,14:25:53,.732707700
457,0.03069711104035,Volt DC,.1,5.5,F,F,F,F,F,F,Front,F,Main,0.0000000000001,Amp DC,.00000001,T,2W,F,F,05/03/2024,14:25:53,.815332120
458,0.03069986402988,Volt DC,.1,5.5,F,F,F,F,F,F,Front,F,Main,0.0000000000001,Amp DC,.00000001,T,2W,F,F,05/03/2024,14:25:53,.897984500
459,0.03068744018674,Volt DC,.1,5.5,F,F,F,F,F,F,Front,F,Main,0.0000000000001,Amp DC,.00000001,T,2W,F,F,05/03/2024,14:25:53,.980777460
460,0.03070273995399,Volt DC,.1,5.5,F,F,F,F,F,F,Front,F,Main,0.0000000000001,Amp DC,.00000001,T,2W,F,F,05/03/2024,14:25:54,.063440820
461,0.03070515953004,Volt DC,.1,5.5,F,F,F,F,F,F,Front,F,Main,0.0000000000001,Amp DC,.00000001,T,2W,F,F,05/03/2024,14:25:54,.146148600
462,0.0307144690305,Volt DC,.1,5.5,F,F,F,F,F,F,Front,F,Main,0.0000000000001,Amp DC,.00000001,T,2W,F,F,05/03/2024,14:25:54,.228796120
463,0.0307004339993,Volt DC,.1,5.5,F,F,F,F,F,F,Front,F,Main,0.0000000000001,Amp DC,.00000001,T,2W,F,F,05/03/2024,14:25:54,.311446520
464,0.03071206249297,Volt DC,.1,5.5,F,F,F,F,F,F,Front,F,Main,0.0000000000001,Amp DC,.00000001,T,2W,F,F,05/03/2024,14:25:54,.394079620
465,0.03070458397269,Volt DC,.1,5.5,F,F,F,F,F,F,Front,F,Main,0.0000000000001,Amp DC,.00000001,T,2W,F,F,05/03/2024,14:25:54,.476723460
466,0.03070390410721,Volt DC,.1,5.5,F,F,F,F,F,F,Front,F,Main,0.0000000000001,Amp DC,.00000001,T,2W,F,F,05/03/2024,14:25:54,.559365900
467,0.03070723637938,Volt DC,.1,5.5,F,F,F,F,F,F,Front,F,Main,0.0000000000001,Amp DC,.00000001,T,2W,F,F,05/03/2024,14:25:54,.642003940
468,0.03070710971951,Volt DC,.1,5.5,F,F,F,F,F,F,Front,F,Main,0.0000000000001,Amp DC,.00000001,T,2W,F,F,05/03/2024,14:25:54,.724643220
469,0.03070686943829,Volt DC,.1,5.5,F,F,F,F,F,F,Front,F,Main,0.0000000000001,Amp DC,.00000001,T,2W,F,F,05/03/2024,14:25:54,.807295920
470,0.03071102499962,Volt DC,.1,5.5,F,F,F,F,F,F,Front,F,Main,0.0000000000001,Amp DC,.00000001,T,2W,F,F,05/03/2024,14:25:54,.889940900
471,0.03070470504463,Volt DC,.1,5.5,F,F,F,F,F,F,Front,F,Main,0.0000000000001,Amp DC,.00000001,T,2W,F,F,05/03/2024,14:25:54,.972580280
472,0.03071034513414,Volt DC,.1,5.5,F,F,F,F,F,F,Front,F,Main,0.0000000000001,Amp DC,.00000001,T,2W,F,F,05/03/2024,14:25:55,.055221940
473,0.03071654587984,Volt DC,.1,5.5,F,F,F,F,F,F,Front,F,Main,0.0000000000001,Amp DC,.00000001,T,2W,F,F,05/03/2024,14:25:55,.137870580
474,0.03071102313697,Volt DC,.1,5.5,F,F,F,F,F,F,Front,F,Main,0.0000000000001,Amp DC,.00000001,T,2W,F,F,05/03/2024,14:25:55,.220508220
475,0.03069537132978,Volt DC,.1,5.5,F,F,F,F,F,F,Front,F,Main,0.0000000000001,Amp DC,.00000001,T,2W,F,F,05/03/2024,14:25:55,.303138780
476,0.03068962320685,Volt DC,.1,5.5,F,F,F,F,F,F,Front,F,Main,0.0000000000001,Amp DC,.00000001,T,2W,F,F,05/03/2024,14:25:55,.385781860
477,0.03069331869483,Volt DC,.1,5.5,F,F,F,F,F,F,Front,F,Main,0.0000000000001,Amp DC,.00000001,T,2W,F,F,05/03/2024,14:25:55,.468411880
478,0.03070928528905,Volt DC,.1,5.5,F,F,F,F,F,F,Front,F,Main,0.0000000000001,Amp DC,.00000001,T,2W,F,F,05/03/2024,14:25:55,.551057120
479,0.03069618530571,Volt DC,.1,5.5,F,F,F,F,F,F,Front,F,Main,0.0000000000001,Amp DC,.00000001,T,2W,F,F,05/03/2024,14:25:55,.633682180
480,0.03070526197553,Volt DC,.1,5.5,F,F,F,F,F,F,Front,F,Main,0.0000000000001,Amp DC,.00000001,T,2W,F,F,05/03/2024,14:25:55,.716325700
481,0.03070355206728,Volt DC,.1,5.5,F,F,F,F,F,F,Front,F,Main,0.0000000000001,Amp DC,.00000001,T,2W,F,F,05/03/2024,14:25:55,.798971840
482,0.03069526329637,Volt DC,.1,5.5,F,F,F,F,F,F,Front,F,Main,0.0000000000001,Amp DC,.00000001,T,2W,F,F,05/03/2024,14:25:55,.881602440
483,0.03071136772633,Volt DC,.1,5.5,F,F,F,F,F,F,Front,F,Main,0.0000000000001,Amp DC,.00000001,T,2W,F,F,05/03/2024,14:25:55,.964237020
484,0.03071044199169,Volt DC,.1,5.5,F,F,F,F,F,F,Front,F,Main,0.0000000000001,Amp DC,.00000001,T,2W,F,F,05/03/2024,14:25:56,.046890240
485,0.03071126155555,Volt DC,.1,5.5,F,F,F,F,F,F,Front,F,Main,0.0000000000001,Amp DC,.00000001,T,2W,F,F,05/03/2024,14:25:56,.129565900
486,0.03069813922048,Volt DC,.1,5.5,F,F,F,F,F,F,Front,F,Main,0.0000000000001,Amp DC,.00000001,T,2W,F,F,05/03/2024,14:25:56,.212259720
487,0.03068639524281,Volt DC,.1,5.5,F,F,F,F,F,F,Front,F,Main,0.0000000000001,Amp DC,.00000001,T,2W,F,F,05/03/2024,14:25:56,.294944500
488,0.03069054149091,Volt DC,.1,5.5,F,F,F,F,F,F,Front,F,Main,0.0000000000001,Amp DC,.00000001,T,2W,F,F,05/03/2024,14:25:56,.377611900
489,0.03070237860084,Volt DC,.1,5.5,F,F,F,F,F,F,Front,F,Main,0.0000000000001,Amp DC,.00000001,T,2W,F,F,05/03/2024,14:25:56,.460294160
490,0.03069652803242,Volt DC,.1,5.5,F,F,F,F,F,F,Front,F,Main,0.0000000000001,Amp DC,.00000001,T,2W,F,F,05/03/2024,14:25:56,.542962520
491,0.03069468401372,Volt DC,.1,5.5,F,F,F,F,F,F,Front,F,Main,0.0000000000001,Amp DC,.00000001,T,2W,F,F,05/03/2024,14:25:56,.625781820
492,0.0307058300823,Volt DC,.1,5.5,F,F,F,F,F,F,Front,F,Main,0.0000000000001,Amp DC,.00000001,T,2W,F,F,05/03/2024,14:25:56,.708460420
493,0.03070745430887,Volt DC,.1,5.5,F,F,F,F,F,F,Front,F,Main,0.0000000000001,Amp DC,.00000001,T,2W,F,F,05/03/2024,14:25:56,.791137820
494,0.03070388361812,Volt DC,.1,5.5,F,F,F,F,F,F,Front,F,Main,0.0000000000001,Amp DC,.00000001,T,2W,F,F,05/03/2024,14:25:56,.874344860
495,0.03073345683515,Volt DC,.1,5.5,F,F,F,F,F,F,Front,F,Main,0.0000000000001,Amp DC,.00000001,T,2W,F,F,05/03/2024,14:25:56,.957033440
496,0.03072436153889,Volt DC,.1,5.5,F,F,F,F,F,F,Front,F,Main,0.0000000000001,Amp DC,.00000001,T,2W,F,F,05/03/2024,14:25:57,.039819100
497,0.03072287514806,Volt DC,.1,5.5,F,F,F,F,F,F,Front,F,Main,0.0000000000001,Amp DC,.00000001,T,2W,F,F,05/03/2024,14:25:57,.122482500
498,0.03072241507471,Volt DC,.1,5.5,F,F,F,F,F,F,Front,F,Main,0.0000000000001,Amp DC,.00000001,T,2W,F,F,05/03/2024,14:25:57,.205152100
499,0.03071802668273,Volt DC,.1,5.5,F,F,F,F,F,F,Front,F,Main,0.0000000000001,Amp DC,.00000001,T,2W,F,F,05/03/2024,14:25:57,.288249900
500,0.03073621541262,Volt DC,.1,5.5,F,F,F,F,F,F,Front,F,Main,0.0000000000001,Amp DC,.00000001,T,2W,F,F,05/03/2024,14:25:57,.370947440
501,0.03071918711066,Volt DC,.1,5.5,F,F,F,F,F,F,Front,F,Main,0.0000000000001,Amp DC,.00000001,T,2W,F,F,05/03/2024,14:25:57,.453768800
502,0.03071664087474,Volt DC,.1,5.5,F,F,F,F,F,F,Front,F,Main,0.0000000000001,Amp DC,.00000001,T,2W,F,F,05/03/2024,14:25:57,.536439100
503,0.03071780130267,Volt DC,.1,5.5,F,F,F,F,F,F,Front,F,Main,0.0000000000001,Amp DC,.00000001,T,2W,F,F,05/03/2024,14:25:57,.619110420
504,0.03072871826589,Volt DC,.1,5.5,F,F,F,F,F,F,Front,F,Main,0.0000000000001,Amp DC,.00000001,T,2W,F,F,05/03/2024,14:25:57,.701844000
505,0.03070792555809,Volt DC,.1,5.5,F,F,F,F,F,F,Front,F,Main,0.0000000000001,Amp DC,.00000001,T,2W,F,F,05/03/2024,14:25:57,.784528200
506,0.03071896545589,Volt DC,.1,5.5,F,F,F,F,F,F,Front,F,Main,0.0000000000001,Amp DC,.00000001,T,2W,F,F,05/03/2024,14:25:57,.867195680
507,0.03070515580475,Volt DC,.1,5.5,F,F,F,F,F,F,Front,F,Main,0.0000000000001,Amp DC,.00000001,T,2W,F,F,05/03/2024,14:25:57,.949875860
508,0.03071389533579,Volt DC,.1,5.5,F,F,F,F,F,F,Front,F,Main,0.0000000000001,Amp DC,.00000001,T,2W,F,F,05/03/2024,14:25:58,.032548340
509,0.03071677312255,Volt DC,.1,5.5,F,F,F,F,F,F,Front,F,Main,0.0000000000001,Amp DC,.00000001,T,2W,F,F,05/03/2024,14:25:58,.115225600
510,0.03071561828256,Volt DC,.1,5.5,F,F,F,F,F,F,Front,F,Main,0.0000000000001,Amp DC,.00000001,T,2W,F,F,05/03/2024,14:25:58,.197896020
511,0.03072482161224,Volt DC,.1,5.5,F,F,F,F,F,F,Front,F,Main,0.0000000000001,Amp DC,.00000001,T,2W,F,F,05/03/2024,14:25:58,.280562760
512,0.03072999045253,Volt DC,.1,5.5,F,F,F,F,F,F,Front,F,Main,0.0000000000001,Amp DC,.00000001,T,2W,F,F,05/03/2024,14:25:58,.363240400
513,0.03071606345475,Volt DC,.1,5.5,F,F,F,F,F,F,Front,F,Main,0.0000000000001,Amp DC,.00000001,T,2W,F,F,05/03/2024,14:25:58,.445916800
514,0.03072458319366,Volt DC,.1,5.5,F,F,F,F,F,F,Front,F,Main,0.0000000000001,Amp DC,.00000001,T,2W,F,F,05/03/2024,14:25:58,.528587560
515,0.03074046969414,Volt DC,.1,5.5,F,F,F,F,F,F,Front,F,Main,0.0000000000001,Amp DC,.00000001,T,2W,F,F,05/03/2024,14:25:58,.611284720
516,0.03071516752243,Volt DC,.1,5.5,F,F,F,F,F,F,Front,F,Main,0.0000000000001,Amp DC,.00000001,T,2W,F,F,05/03/2024,14:25:58,.694259640
517,0.03071411699057,Volt DC,.1,5.5,F,F,F,F,F,F,Front,F,Main,0.0000000000001,Amp DC,.00000001,T,2W,F,F,05/03/2024,14:25:58,.776930940
518,0.03072897344828,Volt DC,.1,5.5,F,F,F,F,F,F,Front,F,Main,0.0000000000001,Amp DC,.00000001,T,2W,F,F,05/03/2024,14:25:58,.859621080
519,0.03072229400277,Volt DC,.1,5.5,F,F,F,F,F,F,Front,F,Main,0.0000000000001,Amp DC,.00000001,T,2W,F,F,05/03/2024,14:25:58,.942287520
520,0.03071849793196,Volt DC,.1,5.5,F,F,F,F,F,F,Front,F,Main,0.0000000000001,Amp DC,.00000001,T,2W,F,F,05/03/2024,14:25:59,.024963780
521,0.03071045316756,Volt DC,.1,5.5,F,F,F,F,F,F,Front,F,Main,0.0000000000001,Amp DC,.00000001,T,2W,F,F,05/03/2024,14:25:59,.108222560
522,0.03071355260909,Volt DC,.1,5.5,F,F,F,F,F,F,Front,F,Main,0.0000000000001,Amp DC,.00000001,T,2W,F,F,05/03/2024,14:25:59,.190921540
523,0.03070997446775,Volt DC,.1,5.5,F,F,F,F,F,F,Front,F,Main,0.0000000000001,Amp DC,.00000001,T,2W,F,F,05/03/2024,14:25:59,.273606840
